evento_id;nombre_evento;fecha_contratación;fecha_evento;lugar_nombre;sucursal_nombre;tipo_cliente;run_cliente;nombre_cliente;rut_contacto_empresa;nombre_contacto_empresa;cargo_contacto;lista_asistentes;monto_total_evento;monto_pagado_reserva;monto_pagado_ejecucion
4;"matrimonio civil";2026-01-22;2026-02-19;saloneventos4;"santiago centro";socio;6988932-3;;;;"jefe proyectos";"diego iturra;pablo contreras;pablo vidal;diego silva;antonella gonzalez;luis tapia;ana tapia;luis vidal;elena mendez;camila mendez;camila tapia;ana contreras;pedro silva;lucas iturra;ana mendez;luis lagos;diego mendez;antonella tapia;sofia tapia;maria rojas;diego vidal;pedro vidal;elena silva;pedro rojas;camila gonzalez;ana vidal;pablo silva;lucas perez;maria gonzalez;camila tapia;elena tapia;elena tapia;juan vidal;ana vidal;diego rojas;luis rojas;sofia mendez;elena iturra;antonella silva;lucas perez;diego rojas;ana perez;maria gonzalez;elena vidal;diego gonzalez";22000000;11000000;11000000
7;"cena de gala";2025-11-01;2026-02-05;saloneventos4;"santa cruz";socio;20848551-2;;;;"gerente rrhh";"maria contreras;elena vidal;camila iturra;juan silva;camila vidal;camila tapia;camila mendez;diego contreras;elena perez;pablo mendez;lucas tapia;maria mendez;lucas silva;camila silva;luis gonzalez;juan lagos;pablo rojas;diego lagos;elena perez;luis vidal;diego contreras;camila mendez;elena lagos;juan silva;diego silva;diego gonzalez;diego rojas;elena silva;juan lagos;lucas rojas;luis vidal;maria gonzalez;camila mendez;diego iturra;camila mendez;maria tapia;maria vidal;camila rojas;camila iturra;antonella contreras;antonella iturra;elena rojas;diego vidal;juan silva;camila rojas";18600000;9300000;9300000
18;"entrega de premios";2025-11-04;2026-02-20;saloneventos4;"santiago centro";socio;22924363-2;;;;cuentas;"diego mendez;pablo vidal;maria contreras;sofia contreras;juan vidal;juan mendez;pedro mendez;luis iturra;antonella silva;elena iturra;pablo iturra;diego silva;camila vidal;camila lagos;pablo iturra;camila silva;camila lagos;lucas mendez;sofia contreras;maria rojas;elena tapia;pedro contreras;maria mendez;camila rojas;pablo rojas;pablo rojas;camila gonzalez;lucas gonzalez;ana rojas;juan vidal;maria silva;diego rojas;ana silva;diego mendez;ana mendez;lucas gonzalez;sofia rojas;pedro lagos;ana silva;maria iturra;lucas iturra;lucas iturra;luis rojas;maria vidal;sofia gonzalez";16200000;8100000;8100000
22;"inauguracion sucursal";2026-01-16;2026-02-06;saloneventos1;"la florida";socio;17877848-0;;;;"gerente operaciones";"maria vidal;elena rojas;maria lagos;lucas gonzalez;ana gonzalez;maria tapia;antonella lagos;pedro silva;lucas tapia;antonella gonzalez;diego vidal;maria silva;camila perez;pedro tapia;luis mendez;juan lagos;luis vidal;maria rojas;diego silva;camila gonzalez;antonella gonzalez;ana iturra;elena tapia;pablo lagos;camila silva;sofia tapia;diego silva;juan vidal;pablo rojas;camila silva;luis lagos;luis contreras;camila tapia;maria perez;maria lagos;lucas vidal;luis silva;pedro gonzalez;elena perez;pedro lagos;juan silva;elena lagos;antonella silva;ana perez;maria gonzalez";25700000;12850000;12850000
31;"seminario de derecho";2025-11-15;2026-02-05;saloneventos1;"la florida";socio;17526820-0;;;;socio;"antonella gonzalez;antonella contreras;camila lagos;antonella contreras;sofia vidal;elena iturra;luis lagos;maria lagos;pablo gonzalez;diego contreras;elena tapia;ana silva;antonella gonzalez;maria gonzalez;luis lagos;pablo gonzalez;pablo lagos;pablo contreras;maria silva;pedro silva;maria lagos;lucas perez;ana gonzalez;ana silva;juan perez;pablo lagos;camila tapia;lucas tapia;lucas contreras;ana gonzalez;maria contreras;juan vidal;juan tapia;ana mendez;diego mendez;maria mendez;antonella mendez;juan mendez;luis iturra;lucas silva;juan vidal;ana rojas;luis vidal;pablo perez;elena iturra";21200000;10600000;10600000
32;"feria gastronomica";2026-01-07;2026-02-26;saloneventos4;"santa cruz";socio;16103628-5;;;;organizador;"antonella contreras;elena rojas;juan tapia;lucas tapia;maria mendez;pedro iturra;ana tapia;luis silva;pedro silva;diego lagos;elena contreras;camila vidal;antonella mendez;diego tapia;ana silva;elena mendez;luis iturra;camila tapia;camila lagos;maria perez;antonella rojas;sofia lagos;diego tapia;antonella tapia;camila tapia;maria lagos;lucas vidal;juan mendez;maria vidal;diego mendez;sofia iturra;diego iturra;pedro iturra;pedro gonzalez;pablo contreras;lucas mendez;ana perez;juan perez;diego gonzalez;pablo perez;juan mendez;pedro lagos;elena gonzalez;maria vidal;luis iturra";27300000;13650000;13650000
34;"recital de piano";2025-11-30;2026-02-01;saloneventos2;"santa cruz";socio;21325038-8;;;;director;"juan silva;diego gonzalez;luis mendez;sofia mendez;juan perez;ana rojas;juan gonzalez;pedro contreras;ana gonzalez;juan perez;elena perez;elena vidal;maria iturra;sofia silva;pedro contreras;ana iturra;diego vidal;pedro lagos;juan perez;pablo iturra;elena rojas;elena rojas;diego tapia;pedro tapia;ana silva;ana mendez;sofia iturra;pedro mendez;juan contreras;ana tapia;ana rojas;maria rojas;camila silva;pablo gonzalez;pedro perez;luis mendez;maria contreras;camila contreras;lucas mendez;elena contreras;pablo tapia;elena gonzalez;luis lagos;elena gonzalez;camila vidal";14500000;7250000;7250000
35;"venta de garage corporativa";2026-01-27;2026-02-16;saloneventos1;providencia;socio;18257455-3;;;;coordinador;"lucas mendez;antonella mendez;maria contreras;camila silva;juan tapia;luis iturra;pablo iturra;pablo tapia;diego silva;pedro tapia;ana vidal;camila contreras;sofia iturra;diego perez;maria contreras;maria iturra;diego contreras;sofia lagos;elena lagos;diego rojas;elena silva;lucas vidal;elena tapia;sofia iturra;sofia mendez;diego rojas;luis perez;ana gonzalez;juan silva;luis contreras;sofia contreras;lucas vidal;pablo tapia;antonella vidal;antonella lagos;antonella tapia;sofia vidal;luis contreras;luis iturra;sofia tapia;diego silva;pablo iturra;elena lagos;maria lagos;juan perez";5600000;2800000;2800000
37;"cocktail de despedida";2025-08-15;2026-02-04;saloneventos1;"santa cruz";socio;14311235-7;;;;sommelier;"juan tapia;camila rojas;sofia mendez;juan tapia;lucas tapia;lucas mendez;pablo tapia;juan tapia;camila contreras;lucas lagos;luis mendez;elena vidal;ana tapia;camila iturra;luis vidal;lucas silva;ana contreras;antonella perez;camila mendez;antonella lagos;maria rojas;camila iturra;lucas rojas;ana gonzalez;pedro tapia;maria lagos;antonella vidal;elena rojas;ana contreras;camila contreras;ana mendez;pablo iturra;diego iturra;luis perez;juan mendez;lucas vidal;camila rojas;sofia gonzalez;ana mendez;antonella perez;luis iturra;antonella rojas;pablo lagos;camila perez;maria vidal";12900000;6450000;6450000
39;"bingo solidario";2025-09-10;2026-02-12;saloneventos4;"santa cruz";socio;10140560-1;;;;tesorero;"antonella mendez;juan gonzalez;diego gonzalez;juan perez;diego contreras;maria rojas;lucas tapia;lucas contreras;camila iturra;maria vidal;maria lagos;diego iturra;pablo gonzalez;elena rojas;pablo silva;maria contreras;pablo lagos;ana vidal;lucas mendez;juan contreras;elena iturra;sofia rojas;luis vidal;elena perez;elena iturra;elena tapia;luis rojas;juan tapia;juan tapia;sofia tapia;ana iturra;pedro lagos;camila rojas;lucas contreras;pablo lagos;luis contreras;lucas mendez;sofia perez;lucas perez;diego contreras;ana vidal;sofia lagos;maria perez;camila iturra;pablo perez";6200000;3100000;3100000
45;hackathon;2025-12-28;2026-02-17;saloneventos1;"la florida";socio;9774947-7;;;;"lead dev";"pedro lagos;ana silva;juan iturra;antonella vidal;maria iturra;camila silva;juan contreras;maria perez;sofia gonzalez;pablo tapia;pedro rojas;pablo rojas;camila tapia;lucas lagos;pablo rojas;pablo lagos;ana mendez;ana rojas;camila iturra;antonella mendez;antonella contreras;maria iturra;pedro contreras;luis gonzalez;maria rojas;pedro rojas;maria gonzalez;sofia tapia;maria rojas;juan gonzalez;luis tapia;pedro lagos;elena contreras;pablo vidal;ana rojas;ana perez;camila mendez;maria rojas;luis perez;pedro silva;antonella mendez;pedro iturra;pedro mendez;elena silva;antonella contreras";19100000;9550000;9550000
51;"asamblea de socios";2025-10-07;2026-02-07;saloneventos4;providencia;socio;11750440-9;;;;presidente;"pablo tapia;diego gonzalez;antonella lagos;lucas tapia;lucas vidal;maria iturra;antonella contreras;elena gonzalez;pablo silva;elena gonzalez;diego vidal;elena rojas;antonella gonzalez;juan tapia;juan gonzalez;luis tapia;diego contreras;juan perez;pablo tapia;lucas lagos;sofia gonzalez;pablo perez;camila gonzalez;pedro vidal;maria contreras;lucas tapia;pedro iturra;maria perez;antonella tapia;elena iturra;pedro rojas;pedro tapia;sofia tapia;sofia silva;antonella mendez;maria gonzalez;antonella rojas;maria vidal;juan mendez;elena lagos;lucas mendez;elena lagos;diego tapia;lucas gonzalez;lucas lagos";9800000;4900000;4900000
52;"concierto rock";2025-11-25;2026-02-22;saloneventos4;providencia;socio;24377951-9;;;;director;"juan mendez;pedro mendez;luis silva;pablo mendez;lucas perez;diego rojas;elena iturra;antonella tapia;diego gonzalez;luis gonzalez;lucas perez;sofia mendez;diego lagos;diego vidal;lucas lagos;lucas lagos;maria iturra;lucas gonzalez;lucas gonzalez;juan iturra;juan contreras;antonella perez;antonella contreras;antonella lagos;luis perez;maria vidal;ana contreras;juan lagos;pablo silva;ana tapia;juan lagos;antonella vidal;diego iturra;ana silva;juan gonzalez;elena silva;camila perez;maria lagos;luis contreras;maria lagos;sofia lagos;antonella iturra;luis vidal;diego lagos;maria iturra";29800000;14900000;14900000
54;"presentacion de libro";2025-11-20;2026-02-10;saloneventos4;providencia;socio;9897596-9;;;;editor;"maria perez;juan perez;maria tapia;luis gonzalez;pablo lagos;maria rojas;luis silva;luis contreras;lucas iturra;pedro vidal;sofia gonzalez;pablo lagos;pedro gonzalez;maria mendez;pedro contreras;pablo vidal;elena rojas;sofia silva;ana lagos;antonella contreras;ana lagos;pablo iturra;sofia gonzalez;elena silva;pedro perez;lucas gonzalez;diego contreras;lucas tapia;sofia vidal;ana rojas;pablo contreras;ana mendez;pedro silva;diego vidal;antonella vidal;antonella lagos;luis mendez;antonella vidal;diego tapia;luis mendez;elena tapia;ana lagos;sofia iturra;maria tapia;elena mendez";6900000;3450000;3450000
65;"fiesta de premiacion";2025-09-13;2026-02-04;saloneventos1;"santa cruz";socio;9081387-0;;;;productora;"antonella mendez;sofia gonzalez;juan contreras;maria tapia;camila mendez;sofia contreras;maria tapia;juan gonzalez;maria gonzalez;diego iturra;maria silva;luis silva;sofia lagos;luis tapia;sofia tapia;camila perez;sofia vidal;pedro rojas;ana mendez;diego vidal;ana perez;pedro contreras;pablo perez;sofia rojas;diego iturra;juan contreras;elena perez;elena iturra;ana gonzalez;pedro gonzalez;camila tapia;ana tapia;antonella tapia;camila gonzalez;elena mendez;camila iturra;camila tapia;elena perez;camila iturra;elena perez;camila tapia;elena perez;pablo iturra;camila lagos;antonella lagos";27200000;13600000;13600000
72;"fiesta de bienvenida";2025-11-04;2026-02-21;saloneventos3;providencia;socio;7204671-7;;;;manager;"maria vidal;maria rojas;pablo vidal;antonella perez;pedro mendez;juan mendez;lucas silva;lucas silva;antonella perez;antonella contreras;camila iturra;diego lagos;pedro tapia;antonella iturra;pedro rojas;sofia rojas;elena tapia;juan gonzalez;antonella rojas;maria gonzalez;lucas rojas;ana tapia;luis contreras;juan mendez;lucas iturra;pedro contreras;luis silva;pablo gonzalez;antonella vidal;luis gonzalez;maria tapia;sofia contreras;diego rojas;pablo silva;pablo silva;antonella silva;antonella tapia;diego contreras;elena lagos;pedro lagos;elena iturra;juan vidal;juan contreras;pablo vidal;lucas rojas";25800000;12900000;12900000
77;"foro de innovacion";2026-01-20;2026-02-14;saloneventos3;"santiago centro";socio;24548958-7;;;;analista;"lucas silva;luis perez;pablo lagos;luis vidal;camila lagos;ana contreras;pedro tapia;elena perez;diego tapia;luis vidal;luis vidal;pedro lagos;ana silva;ana tapia;ana gonzalez;lucas tapia;camila mendez;luis silva;elena silva;maria mendez;elena mendez;lucas mendez;camila tapia;diego gonzalez;juan vidal;lucas vidal;juan tapia;camila perez;ana contreras;camila gonzalez;pablo rojas;ana gonzalez;luis lagos;diego gonzalez;camila silva;maria vidal;luis contreras;pablo silva;elena contreras;juan gonzalez;ana vidal;ana silva;maria iturra;diego iturra;camila mendez";26500000;13250000;13250000
79;"charla de motivacion";2025-12-25;2026-02-25;saloneventos4;"santiago centro";socio;19823939-9;;;;speaker;"diego perez;maria perez;sofia gonzalez;ana gonzalez;ana contreras;sofia lagos;ana vidal;antonella tapia;pablo mendez;camila vidal;elena mendez;antonella vidal;camila rojas;sofia iturra;antonella lagos;elena tapia;lucas contreras;maria gonzalez;pablo silva;pedro lagos;pablo gonzalez;elena silva;juan mendez;pablo silva;pablo iturra;diego perez;antonella vidal;juan lagos;lucas tapia;luis gonzalez;pablo tapia;antonella lagos;juan tapia;pedro vidal;maria iturra;elena iturra;camila perez;pedro silva;juan gonzalez;juan iturra;sofia rojas;ana tapia;lucas perez;ana mendez;pedro contreras";10400000;5200000;5200000
80;"exposicion fotografica";2025-11-03;2026-02-07;saloneventos3;"santiago centro";socio;12529254-2;;;;curador;"camila vidal;luis gonzalez;juan iturra;ana silva;elena vidal;ana perez;pedro tapia;pablo mendez;lucas perez;ana iturra;elena perez;maria tapia;elena rojas;pablo vidal;elena silva;antonella vidal;pablo vidal;camila perez;sofia silva;lucas contreras;maria gonzalez;sofia gonzalez;maria tapia;luis lagos;antonella contreras;lucas rojas;lucas contreras;camila mendez;antonella silva;pablo contreras;diego rojas;juan vidal;camila mendez;maria lagos;maria mendez;pedro silva;antonella lagos;antonella lagos;camila gonzalez;pablo vidal;camila vidal;maria iturra;lucas iturra;antonella perez;pedro silva";17500000;8750000;8750000
82;"mesa redonda";2025-08-27;2026-02-03;saloneventos3;providencia;socio;22417599-7;;;;moderadora;"ana gonzalez;antonella iturra;luis rojas;diego rojas;lucas mendez;sofia contreras;ana iturra;camila mendez;maria tapia;ana iturra;sofia iturra;pablo mendez;lucas mendez;pablo perez;ana tapia;pedro perez;antonella rojas;elena contreras;antonella vidal;elena vidal;pablo tapia;pedro perez;luis lagos;diego iturra;antonella silva;camila mendez;ana mendez;camila tapia;sofia gonzalez;maria silva;diego vidal;luis silva;pablo iturra;camila rojas;elena gonzalez;pablo vidal;diego tapia;sofia vidal;elena perez;sofia gonzalez;juan mendez;juan contreras;ana tapia;pedro lagos;pedro lagos";11900000;5950000;5950000
84;"lanzamiento de marca";2026-01-10;2026-05-22;saloneventos3;"la florida";socio;18512802-4;;;;ceo;"elena contreras;sofia rojas;antonella vidal;ana vidal;camila tapia;elena vidal;pablo mendez;diego contreras;diego perez;elena iturra;sofia iturra;ana tapia;antonella silva;pedro gonzalez;juan contreras;lucas perez;pedro silva;diego rojas;camila perez;sofia gonzalez;camila gonzalez;luis contreras;diego lagos;antonella perez;ana vidal;pedro silva;pedro mendez;pedro tapia;pablo lagos;sofia mendez;diego gonzalez;juan iturra;luis mendez;camila contreras;lucas lagos;juan silva;lucas contreras;pablo iturra;diego iturra;elena tapia;juan lagos;maria iturra;maria vidal;ana lagos;diego vidal";24700000;12350000;
85;"seminario de ventas";2025-11-16;2026-02-23;saloneventos2;providencia;socio;22109010-5;;;;"jefe ventas";"antonella gonzalez;juan tapia;juan lagos;pablo mendez;pablo perez;lucas mendez;diego lagos;sofia perez;pablo perez;diego rojas;maria contreras;camila silva;antonella iturra;maria silva;lucas contreras;luis silva;ana iturra;pedro tapia;pablo silva;juan silva;ana gonzalez;pablo tapia;pedro tapia;sofia contreras;pablo tapia;diego lagos;pedro rojas;pedro silva;antonella tapia;lucas mendez;maria perez;lucas lagos;camila mendez;pedro rojas;camila lagos;elena vidal;diego tapia;sofia rojas;sofia perez;juan perez;pablo iturra;camila iturra;luis rojas;pablo gonzalez;elena rojas";15200000;7600000;7600000
86;"matrimonio boutique";2026-01-20;2026-02-09;saloneventos4;"la florida";socio;11166446-1;;;;organizador;"sofia tapia;maria iturra;pablo silva;elena iturra;diego iturra;juan lagos;camila tapia;ana lagos;luis iturra;diego vidal;antonella iturra;pablo tapia;luis contreras;juan vidal;elena iturra;camila rojas;diego tapia;diego vidal;lucas contreras;diego vidal;luis lagos;lucas lagos;luis silva;pedro lagos;antonella contreras;pedro silva;diego rojas;juan gonzalez;antonella gonzalez;lucas iturra;antonella contreras;juan rojas;elena tapia;elena silva;camila vidal;antonella perez;sofia tapia;elena silva;lucas mendez;antonella tapia;maria silva;sofia tapia;luis silva;luis perez;elena gonzalez";21800000;10900000;10900000
89;"concierto de camara";2025-09-23;2026-02-17;saloneventos3;"santiago centro";socio;14936708-k;;;;director;"sofia silva;antonella mendez;luis silva;antonella gonzalez;maria gonzalez;ana iturra;camila rojas;pablo gonzalez;antonella iturra;juan vidal;ana rojas;lucas rojas;antonella vidal;pablo rojas;sofia rojas;diego contreras;sofia gonzalez;juan iturra;sofia lagos;sofia mendez;juan silva;luis perez;elena tapia;antonella rojas;luis contreras;antonella perez;lucas silva;luis contreras;pablo gonzalez;diego vidal;sofia silva;maria iturra;lucas rojas;diego iturra;elena mendez;sofia gonzalez;elena tapia;lucas contreras;antonella silva;pablo silva;elena mendez;maria gonzalez;elena perez;camila perez;antonella mendez";26300000;13150000;13150000
91;"taller de fotografia";2025-10-30;2026-02-25;saloneventos4;providencia;socio;16653005-1;;;;instructor;"antonella vidal;maria mendez;pablo gonzalez;diego vidal;lucas lagos;juan lagos;pedro rojas;elena perez;diego rojas;maria tapia;pedro vidal;ana lagos;camila contreras;pedro contreras;maria vidal;luis tapia;pablo tapia;elena lagos;diego mendez;luis rojas;diego tapia;pablo iturra;luis iturra;pedro silva;pedro vidal;lucas silva;sofia gonzalez;antonella contreras;sofia mendez;antonella gonzalez;juan lagos;luis tapia;camila contreras;sofia vidal;diego mendez;luis gonzalez;sofia perez;pablo perez;diego lagos;antonella iturra;ana rojas;sofia mendez;antonella iturra;luis tapia;pedro rojas";14500000;7250000;7250000
95;"aniversario de bodas";2025-09-20;2026-02-04;saloneventos1;providencia;socio;22405688-5;;;;socio;"pablo iturra;ana lagos;camila tapia;juan tapia;elena tapia;elena gonzalez;pablo vidal;lucas silva;maria mendez;ana contreras;luis mendez;ana tapia;maria tapia;sofia perez;ana perez;diego gonzalez;juan mendez;maria rojas;diego tapia;juan rojas;maria tapia;juan gonzalez;sofia lagos;luis contreras;antonella tapia;sofia mendez;pedro vidal;pedro perez;camila lagos;elena silva;sofia iturra;lucas lagos;pablo contreras;luis vidal;luis gonzalez;maria mendez;elena silva;diego silva;pedro tapia;luis perez;diego lagos;lucas contreras;maria perez;maria lagos;ana mendez";15400000;7700000;7700000
100;"cocktail de despedida";2025-09-21;2026-02-15;saloneventos1;"la florida";socio;6960687-3;;;;productora;"lucas silva;pablo tapia;sofia mendez;pedro contreras;juan vidal;ana lagos;elena lagos;luis vidal;sofia tapia;pedro tapia;elena lagos;diego mendez;elena contreras;diego mendez;antonella perez;camila vidal;sofia rojas;pablo vidal;camila iturra;luis lagos;sofia mendez;diego mendez;antonella mendez;luis tapia;ana tapia;juan contreras;juan mendez;diego silva;pablo mendez;luis silva;antonella iturra;juan silva;maria vidal;sofia lagos;juan rojas;camila silva;juan vidal;juan rojas;diego contreras;pablo iturra;antonella contreras;antonella iturra;camila tapia;antonella rojas;maria gonzalez";11600000;5800000;5800000
101;"seminario de derecho";2025-09-25;2026-02-21;saloneventos3;providencia;socio;20284557-6;;;;socia;"sofia vidal;sofia vidal;ana vidal;maria lagos;camila rojas;juan rojas;maria mendez;diego perez;pedro perez;maria tapia;antonella perez;luis vidal;sofia lagos;ana vidal;sofia mendez;pedro silva;diego gonzalez;antonella perez;juan perez;sofia iturra;luis silva;maria mendez;pablo vidal;elena iturra;diego iturra;diego rojas;elena tapia;camila tapia;antonella rojas;pablo perez;antonella iturra;camila lagos;pablo lagos;pablo gonzalez;sofia rojas;sofia vidal;antonella tapia;maria vidal;ana tapia;ana lagos;sofia silva;camila gonzalez;diego tapia;pedro silva;maria iturra";25400000;12700000;12700000
105;"presentacion de danza";2026-01-20;2026-02-27;saloneventos1;"la florida";socio;17615166-6;;;;director;"diego iturra;diego contreras;sofia silva;antonella silva;juan perez;ana silva;sofia tapia;pedro gonzalez;elena perez;diego iturra;maria vidal;ana vidal;pablo lagos;pablo tapia;pedro contreras;sofia perez;ana contreras;ana mendez;pablo contreras;luis silva;diego vidal;ana perez;maria tapia;luis mendez;camila iturra;sofia silva;antonella contreras;elena rojas;pablo lagos;lucas iturra;diego rojas;maria perez;pablo vidal;pedro gonzalez;luis tapia;pablo contreras;pablo rojas;elena perez;sofia iturra;elena tapia;lucas lagos;diego perez;ana silva;pablo lagos;pedro vidal";14600000;7300000;7300000
107;"taller de pintura aleo";2025-10-10;2026-02-14;saloneventos1;providencia;socio;21330043-3;;;;profesor;"elena silva;maria silva;camila rojas;camila silva;luis rojas;lucas tapia;antonella vidal;juan iturra;juan tapia;luis gonzalez;lucas iturra;luis mendez;diego mendez;pablo mendez;sofia iturra;pablo vidal;maria contreras;antonella tapia;pedro rojas;ana contreras;camila silva;sofia rojas;pedro silva;elena rojas;maria perez;diego contreras;camila gonzalez;antonella contreras;elena vidal;ana contreras;pedro gonzalez;sofia lagos;elena mendez;maria tapia;maria perez;sofia tapia;luis iturra;elena perez;diego mendez;ana silva;camila mendez;ana lagos;antonella tapia;antonella rojas;juan mendez";7600000;3800000;3800000
113;"gala de otono";2025-12-16;2026-02-09;saloneventos4;providencia;socio;9915422-3;;;;director;"juan silva;sofia tapia;antonella iturra;pablo silva;elena silva;diego gonzalez;diego gonzalez;antonella perez;diego silva;lucas iturra;ana iturra;luis rojas;lucas iturra;maria vidal;elena silva;luis vidal;juan iturra;diego rojas;pedro perez;ana silva;juan vidal;camila vidal;maria iturra;luis vidal;ana lagos;pablo vidal;diego rojas;luis mendez;pablo mendez;luis mendez;juan mendez;diego gonzalez;juan silva;ana contreras;pedro mendez;lucas gonzalez;sofia vidal;elena contreras;elena contreras;antonella mendez;diego silva;luis silva;lucas mendez;juan gonzalez;lucas contreras";27400000;13700000;13700000
114;"firma de convenio";2025-11-02;2026-02-17;saloneventos1;providencia;socio;6183714-0;;;;abogado;"diego vidal;lucas mendez;pablo perez;maria lagos;diego contreras;pedro mendez;luis tapia;juan vidal;lucas contreras;luis tapia;ana vidal;pedro iturra;luis silva;juan perez;ana contreras;antonella tapia;maria perez;pablo tapia;maria mendez;pedro iturra;juan iturra;maria contreras;sofia lagos;pedro mendez;pedro tapia;antonella rojas;lucas gonzalez;lucas tapia;pablo silva;maria contreras;luis silva;maria perez;luis contreras;ana iturra;maria iturra;pedro rojas;maria perez;elena gonzalez;elena gonzalez;ana iturra;sofia tapia;luis gonzalez;elena silva;elena tapia;pedro mendez";10300000;5150000;5150000
116;"cena de navidad";2025-12-16;2026-02-28;saloneventos1;"santa cruz";socio;10513868-4;;;;organizadora;"pablo gonzalez;luis vidal;lucas rojas;camila contreras;pedro silva;ana silva;pablo silva;maria lagos;antonella vidal;pedro tapia;antonella iturra;sofia gonzalez;elena tapia;pedro perez;diego gonzalez;sofia mendez;sofia perez;pablo iturra;pablo perez;luis tapia;ana rojas;ana rojas;juan iturra;lucas mendez;diego iturra;juan lagos;elena gonzalez;antonella iturra;maria vidal;elena silva;elena mendez;camila iturra;pablo contreras;ana perez;juan gonzalez;juan contreras;diego contreras;diego gonzalez;antonella vidal;luis mendez;diego vidal;juan lagos;pedro tapia;camila iturra;ana lagos";21200000;10600000;10600000
117;"taller de cocina italiana";2025-11-21;2026-02-06;saloneventos1;providencia;socio;13388386-k;;;;instructor;"lucas lagos;pedro perez;maria gonzalez;pedro contreras;pablo contreras;camila mendez;antonella silva;sofia tapia;ana rojas;luis mendez;juan vidal;diego contreras;maria gonzalez;pablo silva;pablo vidal;elena contreras;elena tapia;luis perez;juan silva;sofia gonzalez;camila rojas;lucas rojas;lucas perez;lucas mendez;diego lagos;sofia gonzalez;ana mendez;diego lagos;pedro contreras;luis lagos;maria iturra;lucas rojas;sofia lagos;lucas mendez;ana mendez;ana lagos;juan tapia;camila rojas;juan silva;juan perez;pedro iturra;pedro lagos;ana lagos;antonella rojas;lucas perez";7800000;3900000;3900000
119;"lanzamiento musical";2025-12-26;2026-02-06;saloneventos3;"santiago centro";socio;24234047-7;;;;productora;"elena vidal;luis gonzalez;elena mendez;diego perez;antonella tapia;maria iturra;maria tapia;diego perez;luis tapia;pedro contreras;ana perez;sofia rojas;sofia perez;elena perez;ana iturra;pedro contreras;luis silva;ana perez;pablo vidal;lucas gonzalez;luis iturra;antonella tapia;diego mendez;sofia tapia;luis contreras;luis vidal;sofia vidal;diego rojas;maria tapia;juan contreras;ana tapia;diego contreras;diego silva;maria silva;maria tapia;camila vidal;pedro silva;juan contreras;lucas vidal;ana contreras;elena mendez;camila contreras;maria iturra;juan lagos;juan mendez";12400000;6200000;6200000
129;"fiesta de verano";2025-11-12;2026-02-01;saloneventos2;"la florida";socio;9297003-4;;;;productor;"luis silva;diego rojas;lucas rojas;lucas rojas;juan vidal;pedro vidal;antonella vidal;diego tapia;luis mendez;juan silva;sofia lagos;ana contreras;juan vidal;juan silva;camila contreras;ana gonzalez;maria iturra;lucas vidal;juan tapia;lucas silva;ana gonzalez;luis lagos;sofia perez;camila mendez;sofia mendez;pablo mendez;antonella contreras;pedro gonzalez;luis rojas;maria lagos;elena rojas;pablo perez;antonella rojas;antonella iturra;sofia iturra;pablo lagos;maria silva;juan rojas;maria lagos;juan tapia;diego tapia;elena rojas;juan mendez;pablo silva;camila silva";24500000;12250000;12250000
148;"seminario de coaching";2025-10-22;2026-02-23;saloneventos1;providencia;socio;16557572-6;;;;coach;"antonella tapia;pedro rojas;antonella silva;maria perez;maria vidal;ana silva;antonella rojas;sofia silva;juan rojas;camila lagos;pablo tapia;camila lagos;pablo tapia;elena iturra;pedro perez;juan gonzalez;ana gonzalez;pedro lagos;camila perez;elena iturra;antonella mendez;sofia silva;elena mendez;maria iturra;ana mendez;pablo rojas;maria tapia;pablo rojas;antonella silva;lucas tapia;sofia perez;pablo perez;sofia contreras;antonella iturra;camila rojas;juan iturra;lucas mendez;elena contreras;juan rojas;maria mendez;camila perez;juan mendez;juan lagos;ana perez;antonella tapia";11200000;5600000;5600000
150;"encuentro sectorial";2025-11-02;2026-02-20;saloneventos3;"la florida";socio;18963461-7;;;;secretario;"antonella vidal;luis rojas;diego rojas;luis tapia;antonella vidal;luis mendez;camila contreras;camila iturra;sofia perez;sofia perez;elena mendez;diego silva;sofia silva;pedro lagos;camila vidal;luis gonzalez;pablo perez;ana gonzalez;elena perez;sofia vidal;camila contreras;juan lagos;maria gonzalez;luis contreras;maria lagos;juan perez;pablo contreras;camila silva;diego gonzalez;lucas lagos;pablo mendez;lucas lagos;pedro vidal;lucas rojas;diego mendez;maria gonzalez;diego rojas;diego vidal;lucas lagos;camila contreras;camila iturra;elena vidal;ana lagos;juan silva;diego iturra";16800000;8400000;8400000
164;"lanzamiento de libro";2025-11-24;2026-02-20;saloneventos1;"santiago centro";socio;14125414-2;;;;editora;"maria mendez;pedro vidal;diego vidal;sofia silva;elena perez;antonella silva;pablo tapia;ana contreras;camila perez;elena gonzalez;antonella gonzalez;lucas mendez;sofia gonzalez;elena mendez;pablo silva;antonella contreras;luis iturra;diego tapia;ana silva;luis contreras;diego iturra;lucas iturra;lucas vidal;juan silva;diego contreras;sofia iturra;antonella tapia;ana mendez;luis perez;sofia mendez;maria lagos;camila gonzalez;sofia lagos;lucas vidal;maria perez;sofia rojas;lucas perez;elena silva;maria contreras;elena gonzalez;elena contreras;antonella silva;ana mendez;ana gonzalez;diego vidal";6900000;3450000;3450000
168;"recital de piano";2025-08-14;2026-02-07;saloneventos2;providencia;socio;21739535-6;;;;director;"sofia rojas;diego gonzalez;juan rojas;sofia rojas;luis gonzalez;diego tapia;pablo contreras;antonella tapia;camila rojas;luis iturra;pedro mendez;maria lagos;lucas gonzalez;lucas mendez;pedro vidal;diego contreras;pedro perez;diego contreras;diego gonzalez;antonella iturra;luis gonzalez;juan tapia;juan tapia;sofia gonzalez;pedro perez;sofia mendez;maria rojas;ana gonzalez;elena silva;pablo mendez;antonella tapia;sofia lagos;elena vidal;sofia rojas;lucas silva;camila lagos;juan gonzalez;luis silva;luis contreras;pedro rojas;luis contreras;luis contreras;pedro contreras;juan rojas;maria rojas";14800000;7400000;7400000
182;"seminario de marketing";2025-10-05;2026-02-04;saloneventos2;providencia;socio;21480086-9;;;;socio;"pedro mendez;antonella mendez;ana contreras;juan gonzalez;lucas gonzalez;lucas rojas;antonella mendez;lucas lagos;diego mendez;ana vidal;elena tapia;diego perez;maria mendez;antonella perez;camila mendez;antonella contreras;camila silva;juan perez;pablo contreras;ana vidal;ana iturra;diego contreras;lucas tapia;sofia perez;pablo lagos;sofia mendez;antonella tapia;camila contreras;juan contreras;pablo mendez;pablo lagos;diego lagos;antonella mendez;sofia perez;elena lagos;luis silva;pedro perez;maria gonzalez;antonella gonzalez;camila mendez;antonella lagos;camila contreras;camila perez;luis tapia;luis vidal";18900000;9450000;9450000
190;"matrimonio civil";2025-08-28;2026-02-16;saloneventos1;"santiago centro";socio;7337201-1;;;;"jefe proyectos";"pedro silva;camila gonzalez;pedro lagos;lucas perez;diego vidal;pedro contreras;antonella mendez;elena rojas;antonella contreras;ana perez;pedro lagos;pablo tapia;antonella mendez;antonella rojas;lucas silva;camila gonzalez;pablo contreras;camila iturra;camila silva;sofia gonzalez;pablo mendez;luis perez;pablo contreras;juan lagos;luis gonzalez;maria tapia;juan gonzalez;pedro rojas;luis contreras;juan iturra;ana mendez;diego rojas;camila vidal;ana iturra;lucas contreras;antonella rojas;diego gonzalez;lucas mendez;luis mendez;diego mendez;maria mendez;maria lagos;sofia mendez;juan vidal;juan mendez";22000000;11000000;11000000
193;"cena de gala";2025-08-20;2026-02-11;saloneventos4;"santa cruz";socio;11309417-6;;;;"gerente rrhh";"camila iturra;pedro silva;camila contreras;ana iturra;maria gonzalez;luis mendez;sofia gonzalez;pablo rojas;camila tapia;antonella rojas;juan silva;diego mendez;sofia iturra;pablo iturra;luis contreras;lucas perez;sofia rojas;elena iturra;lucas tapia;pedro tapia;elena silva;camila vidal;pablo tapia;camila iturra;camila rojas;pedro gonzalez;pablo lagos;maria contreras;lucas rojas;maria tapia;sofia lagos;luis contreras;juan vidal;maria gonzalez;camila gonzalez;maria gonzalez;camila contreras;ana contreras;lucas silva;lucas perez;maria gonzalez;diego lagos;camila iturra;ana silva;antonella contreras";18600000;9300000;9300000
204;"entrega de premios";2025-08-13;2026-02-04;saloneventos3;"santiago centro";socio;16307464-8;;;;cuentas;"maria silva;ana rojas;sofia gonzalez;juan perez;luis contreras;luis gonzalez;diego iturra;sofia tapia;luis rojas;lucas contreras;pablo contreras;juan mendez;ana mendez;diego vidal;lucas gonzalez;ana lagos;sofia vidal;ana iturra;antonella gonzalez;antonella mendez;lucas mendez;ana tapia;pedro mendez;sofia mendez;maria mendez;maria iturra;elena gonzalez;pedro lagos;pablo gonzalez;pablo iturra;lucas tapia;maria tapia;luis lagos;camila contreras;juan rojas;luis silva;camila vidal;pablo silva;pedro perez;maria perez;elena lagos;elena vidal;lucas perez;sofia perez;camila iturra";16200000;8100000;8100000
208;"inauguracion sucursal";2025-09-29;2026-02-04;saloneventos1;"la florida";socio;12998685-9;;;;"gerente operaciones";"luis vidal;elena iturra;pedro silva;sofia rojas;ana tapia;luis lagos;ana vidal;antonella iturra;sofia vidal;maria rojas;antonella mendez;ana silva;camila gonzalez;sofia perez;diego gonzalez;elena gonzalez;lucas contreras;pablo rojas;juan rojas;pedro mendez;luis perez;sofia vidal;maria silva;luis vidal;juan gonzalez;juan lagos;lucas silva;pedro vidal;elena iturra;sofia tapia;pablo vidal;pablo gonzalez;diego rojas;antonella vidal;antonella contreras;pablo silva;pablo tapia;juan vidal;elena perez;camila iturra;lucas perez;diego contreras;lucas vidal;ana rojas;juan rojas";25700000;12850000;12850000
217;"seminario de derecho";2025-10-05;2026-02-05;saloneventos1;"la florida";socio;19206433-3;;;;socio;"pablo iturra;pablo mendez;juan gonzalez;pablo silva;pedro contreras;maria tapia;pablo lagos;sofia tapia;elena mendez;juan tapia;pedro rojas;juan gonzalez;maria rojas;pablo iturra;sofia lagos;luis perez;elena contreras;antonella lagos;antonella vidal;luis silva;elena lagos;elena rojas;antonella mendez;lucas tapia;luis iturra;juan gonzalez;elena contreras;lucas tapia;camila tapia;lucas mendez;maria gonzalez;pedro contreras;pablo contreras;juan perez;sofia gonzalez;ana vidal;pablo gonzalez;elena iturra;pablo contreras;lucas contreras;elena mendez;elena contreras;ana tapia;luis iturra;lucas contreras";21200000;10600000;10600000
218;"feria gastronomica";2026-01-22;2026-02-08;saloneventos3;"santa cruz";socio;13706750-4;;;;organizador;"antonella tapia;lucas lagos;camila silva;maria mendez;maria rojas;pablo rojas;pablo perez;antonella iturra;pablo contreras;luis perez;sofia silva;ana silva;maria gonzalez;camila lagos;pedro gonzalez;sofia rojas;juan tapia;pedro perez;antonella tapia;juan iturra;diego contreras;maria perez;antonella silva;juan contreras;camila tapia;maria rojas;luis gonzalez;antonella silva;lucas contreras;lucas gonzalez;pedro gonzalez;juan perez;diego mendez;ana perez;luis lagos;pablo iturra;pablo vidal;pedro gonzalez;juan gonzalez;ana mendez;elena lagos;diego rojas;luis vidal;pedro iturra;antonella tapia";27300000;13650000;13650000
220;"recital de piano";2025-12-24;2026-02-03;saloneventos1;"santa cruz";socio;15926331-2;;;;director;"lucas contreras;lucas gonzalez;maria contreras;sofia mendez;lucas perez;pablo iturra;juan vidal;elena vidal;elena mendez;maria perez;diego gonzalez;sofia iturra;elena tapia;pablo iturra;antonella lagos;ana gonzalez;pablo gonzalez;pablo lagos;camila contreras;maria perez;diego mendez;pablo perez;pedro mendez;antonella tapia;pedro gonzalez;ana iturra;maria gonzalez;antonella vidal;maria silva;camila lagos;pedro iturra;elena lagos;antonella silva;maria tapia;luis contreras;pablo contreras;luis vidal;pedro contreras;diego silva;camila silva;diego mendez;juan lagos;juan perez;maria mendez;antonella contreras";14500000;7250000;7250000
221;"venta de garage corporativa";2025-10-01;2026-02-25;saloneventos2;providencia;socio;22310528-9;;;;coordinador;"maria perez;ana rojas;lucas tapia;pedro gonzalez;diego gonzalez;pablo perez;camila lagos;camila lagos;juan tapia;luis perez;antonella perez;pablo perez;ana silva;juan perez;pedro tapia;camila contreras;sofia gonzalez;diego iturra;luis vidal;pablo rojas;ana perez;antonella perez;juan perez;pablo iturra;pedro iturra;pedro lagos;pablo vidal;luis mendez;sofia contreras;camila perez;diego tapia;camila lagos;elena lagos;lucas perez;elena gonzalez;elena gonzalez;juan tapia;antonella gonzalez;juan silva;lucas tapia;sofia vidal;sofia gonzalez;luis silva;antonella rojas;sofia gonzalez";5600000;2800000;2800000
223;"cocktail de despedida";2025-12-02;2026-02-15;saloneventos1;"santa cruz";socio;21357643-8;;;;sommelier;"diego tapia;juan iturra;elena silva;luis perez;luis lagos;elena silva;antonella silva;pedro contreras;lucas contreras;juan rojas;ana silva;juan silva;juan iturra;luis perez;luis mendez;maria lagos;elena rojas;diego vidal;diego rojas;sofia iturra;antonella mendez;antonella iturra;juan perez;pedro contreras;luis rojas;juan lagos;luis tapia;elena silva;maria lagos;luis gonzalez;ana iturra;elena lagos;juan mendez;juan rojas;maria vidal;diego contreras;lucas perez;luis rojas;camila silva;luis iturra;camila gonzalez;antonella rojas;pedro tapia;ana lagos;elena contreras";12900000;6450000;6450000
225;"bingo solidario";2025-12-27;2026-02-07;saloneventos2;"santa cruz";socio;14041737-8;;;;tesorero;"diego mendez;luis iturra;antonella mendez;sofia perez;maria vidal;antonella lagos;camila tapia;antonella mendez;pedro mendez;diego mendez;maria silva;sofia contreras;lucas iturra;juan rojas;lucas gonzalez;diego mendez;juan perez;ana lagos;elena perez;diego contreras;pablo gonzalez;camila mendez;sofia contreras;maria contreras;elena iturra;antonella tapia;sofia gonzalez;antonella tapia;camila contreras;sofia vidal;antonella iturra;luis vidal;diego mendez;pablo lagos;lucas tapia;antonella gonzalez;maria rojas;pedro contreras;pablo rojas;elena gonzalez;ana iturra;luis silva;camila iturra;sofia iturra;camila vidal";6200000;3100000;3100000
231;hackathon;2026-01-24;2026-02-23;saloneventos3;"la florida";socio;10087613-6;;;;"lead dev";"luis perez;lucas rojas;camila tapia;luis gonzalez;diego lagos;antonella perez;antonella iturra;antonella lagos;maria lagos;lucas perez;maria tapia;ana gonzalez;pablo perez;elena iturra;sofia lagos;diego perez;maria rojas;pedro iturra;sofia tapia;sofia iturra;lucas tapia;ana contreras;sofia mendez;antonella contreras;elena rojas;maria iturra;maria lagos;lucas perez;luis iturra;juan lagos;antonella gonzalez;maria perez;lucas iturra;antonella mendez;camila silva;sofia mendez;elena lagos;lucas gonzalez;luis lagos;lucas mendez;camila vidal;maria silva;camila tapia;juan iturra;diego mendez";19100000;9550000;9550000
237;"asamblea de socios";2025-08-21;2026-02-05;saloneventos4;providencia;socio;15064216-7;;;;presidente;"camila iturra;lucas lagos;ana perez;diego perez;antonella mendez;antonella perez;sofia contreras;luis contreras;luis gonzalez;pablo vidal;luis lagos;diego iturra;ana gonzalez;luis vidal;luis iturra;luis silva;lucas tapia;pedro rojas;maria vidal;lucas lagos;camila gonzalez;pablo lagos;sofia contreras;pedro perez;sofia vidal;pablo mendez;elena rojas;ana vidal;maria mendez;diego contreras;luis gonzalez;sofia gonzalez;ana gonzalez;sofia mendez;pablo contreras;diego vidal;camila silva;diego gonzalez;maria iturra;lucas contreras;antonella iturra;maria iturra;pablo lagos;camila perez;elena lagos";9800000;4900000;4900000
238;"concierto rock";2026-01-04;2026-02-18;saloneventos4;providencia;socio;11599705-k;;;;director;"elena lagos;antonella lagos;pedro lagos;diego iturra;lucas gonzalez;lucas iturra;maria iturra;juan tapia;lucas tapia;antonella tapia;lucas mendez;luis silva;pedro perez;pedro vidal;pablo rojas;pablo lagos;elena iturra;camila mendez;antonella tapia;diego rojas;luis perez;sofia vidal;antonella perez;pablo mendez;elena lagos;juan lagos;maria rojas;pablo tapia;antonella vidal;juan lagos;luis vidal;camila gonzalez;juan perez;camila vidal;juan vidal;luis perez;antonella silva;ana mendez;luis lagos;lucas gonzalez;pedro lagos;ana vidal;camila rojas;luis vidal;elena lagos";29800000;14900000;14900000
240;"presentacion de libro";2026-01-16;2026-02-20;saloneventos2;providencia;socio;15964724-2;;;;editor;"sofia gonzalez;maria rojas;diego mendez;luis silva;camila lagos;maria vidal;diego gonzalez;lucas perez;juan iturra;elena mendez;diego vidal;lucas silva;elena lagos;maria vidal;diego contreras;diego silva;camila lagos;antonella vidal;sofia gonzalez;maria rojas;lucas perez;maria perez;diego silva;pedro rojas;pablo gonzalez;camila contreras;elena perez;antonella perez;lucas perez;pedro lagos;elena contreras;luis silva;luis lagos;camila contreras;sofia vidal;maria iturra;lucas mendez;diego rojas;maria contreras;diego lagos;antonella lagos;camila iturra;lucas mendez;pedro vidal;lucas iturra";6900000;3450000;3450000
251;"fiesta de premiacion";2025-11-16;2026-02-25;saloneventos1;"santa cruz";socio;17767043-6;;;;productora;"elena silva;pablo lagos;pablo contreras;maria mendez;pedro silva;pablo silva;elena perez;camila rojas;lucas iturra;lucas perez;pablo lagos;diego tapia;juan silva;maria gonzalez;antonella tapia;lucas tapia;camila iturra;elena rojas;camila rojas;ana iturra;antonella contreras;elena rojas;maria lagos;pedro iturra;ana silva;maria tapia;antonella lagos;elena gonzalez;pablo mendez;elena gonzalez;juan iturra;pedro silva;juan gonzalez;diego gonzalez;maria rojas;luis rojas;sofia tapia;juan iturra;lucas rojas;pedro iturra;pedro lagos;maria mendez;juan iturra;pablo rojas;sofia tapia";27200000;13600000;13600000
258;"fiesta de bienvenida";2025-12-12;2026-02-19;saloneventos3;providencia;socio;10254798-2;;;;manager;"ana iturra;lucas gonzalez;pedro contreras;luis lagos;antonella lagos;maria gonzalez;pablo perez;camila gonzalez;luis mendez;ana contreras;diego gonzalez;elena vidal;antonella lagos;diego rojas;maria contreras;camila rojas;diego lagos;ana silva;diego tapia;pedro iturra;juan silva;pablo mendez;ana vidal;elena mendez;elena lagos;pedro lagos;diego contreras;lucas mendez;maria tapia;diego rojas;pedro contreras;diego contreras;maria silva;pablo iturra;elena silva;pablo silva;sofia mendez;maria lagos;juan tapia;antonella lagos;pablo rojas;juan perez;ana silva;sofia lagos;lucas iturra";25800000;12900000;12900000
263;"foro de innovacion";2025-09-16;2026-02-13;saloneventos3;"santiago centro";socio;14006506-4;;;;analista;"sofia mendez;pedro vidal;elena iturra;diego iturra;luis tapia;ana lagos;pedro mendez;sofia gonzalez;pedro lagos;camila gonzalez;lucas vidal;sofia tapia;ana perez;sofia vidal;camila perez;pablo gonzalez;sofia perez;pedro contreras;maria rojas;antonella mendez;maria gonzalez;pedro perez;diego iturra;luis contreras;juan silva;ana lagos;juan iturra;antonella mendez;lucas lagos;antonella contreras;juan silva;diego tapia;sofia lagos;ana gonzalez;pedro vidal;pedro rojas;camila mendez;pedro mendez;antonella vidal;pedro rojas;sofia gonzalez;pedro lagos;sofia gonzalez;pablo gonzalez;diego iturra";26500000;13250000;13250000
265;"charla de motivacion";2025-11-07;2026-02-28;saloneventos4;"santiago centro";socio;8509469-6;;;;speaker;"juan silva;diego mendez;luis iturra;elena lagos;antonella tapia;pedro lagos;pedro lagos;sofia contreras;luis tapia;maria contreras;elena silva;antonella mendez;antonella rojas;antonella rojas;sofia mendez;camila iturra;camila mendez;maria vidal;lucas contreras;antonella tapia;pedro iturra;pedro mendez;diego tapia;lucas vidal;maria gonzalez;sofia lagos;maria mendez;luis iturra;elena perez;juan tapia;camila rojas;camila mendez;ana perez;juan perez;lucas vidal;luis vidal;antonella rojas;diego mendez;pedro silva;elena iturra;camila tapia;camila lagos;antonella gonzalez;sofia tapia;pablo iturra";10400000;5200000;5200000
266;"exposicion fotografica";2026-02-04;2026-02-25;saloneventos4;"santiago centro";socio;16261368-5;;;;curador;"antonella rojas;ana gonzalez;pedro gonzalez;lucas silva;diego contreras;elena gonzalez;sofia iturra;luis tapia;lucas perez;pablo vidal;lucas mendez;luis gonzalez;luis gonzalez;maria perez;pablo lagos;juan rojas;camila lagos;antonella vidal;camila contreras;ana lagos;luis vidal;juan iturra;pedro perez;camila mendez;pedro vidal;pablo mendez;camila tapia;ana contreras;pablo lagos;antonella iturra;sofia gonzalez;camila vidal;antonella rojas;antonella perez;lucas perez;camila lagos;pablo tapia;diego silva;camila lagos;lucas gonzalez;lucas lagos;antonella lagos;diego rojas;ana silva;luis silva";17500000;8750000;8750000
268;"mesa redonda";2025-09-11;2026-02-09;saloneventos1;providencia;socio;5362794-3;;;;moderadora;"camila rojas;ana contreras;pedro iturra;pedro vidal;pablo perez;luis silva;antonella perez;luis vidal;sofia gonzalez;juan tapia;pablo tapia;diego gonzalez;maria tapia;juan rojas;ana iturra;luis contreras;luis vidal;maria gonzalez;diego silva;pedro rojas;camila perez;sofia tapia;sofia iturra;sofia rojas;ana silva;elena lagos;juan silva;maria contreras;diego mendez;pablo tapia;sofia silva;sofia gonzalez;ana vidal;juan rojas;juan contreras;diego silva;diego vidal;sofia vidal;maria mendez;ana gonzalez;lucas contreras;diego rojas;pablo vidal;elena tapia;maria gonzalez";11900000;5950000;5950000
270;"lanzamiento de marca";2025-09-21;2026-02-27;saloneventos3;"la florida";socio;8648495-9;;;;ceo;"pedro contreras;juan tapia;camila perez;elena perez;juan iturra;lucas vidal;juan rojas;lucas tapia;juan iturra;maria lagos;diego iturra;lucas lagos;elena perez;pablo lagos;sofia tapia;camila contreras;antonella mendez;elena silva;juan perez;sofia gonzalez;diego contreras;camila vidal;pedro mendez;antonella perez;juan rojas;ana vidal;diego contreras;diego iturra;luis iturra;camila rojas;sofia rojas;lucas perez;lucas gonzalez;camila gonzalez;diego silva;lucas contreras;maria gonzalez;luis iturra;pablo tapia;juan perez;lucas tapia;elena tapia;lucas gonzalez;luis mendez;juan tapia";24700000;12350000;12350000
271;"seminario de ventas";2025-09-18;2026-02-13;saloneventos3;providencia;socio;6833542-6;;;;"jefe ventas";"juan rojas;antonella vidal;ana contreras;sofia lagos;juan rojas;ana silva;elena rojas;pedro iturra;sofia perez;pedro iturra;antonella rojas;camila silva;camila tapia;diego silva;camila tapia;juan mendez;camila silva;juan vidal;camila mendez;diego perez;camila vidal;elena vidal;camila mendez;lucas iturra;elena tapia;antonella tapia;juan vidal;antonella silva;antonella vidal;luis contreras;luis perez;pedro contreras;camila gonzalez;maria gonzalez;diego vidal;camila vidal;lucas iturra;pablo vidal;antonella perez;camila gonzalez;lucas tapia;juan iturra;pablo contreras;luis contreras;camila rojas";15200000;7600000;7600000
272;"matrimonio boutique";2025-09-26;2026-02-15;saloneventos2;"la florida";socio;22719789-3;;;;organizador;"pablo mendez;juan lagos;elena iturra;elena perez;juan gonzalez;maria lagos;ana rojas;diego contreras;elena mendez;pablo gonzalez;antonella mendez;antonella tapia;juan tapia;maria gonzalez;ana perez;juan mendez;sofia gonzalez;ana vidal;pedro mendez;antonella gonzalez;diego iturra;pablo gonzalez;lucas lagos;antonella contreras;lucas perez;maria gonzalez;ana perez;sofia vidal;maria lagos;diego mendez;pablo vidal;luis tapia;juan contreras;antonella silva;diego contreras;juan mendez;juan perez;lucas perez;luis contreras;ana rojas;pablo tapia;lucas rojas;maria lagos;pedro mendez;antonella mendez";21800000;10900000;10900000
275;"concierto de camara";2025-11-09;2026-02-21;saloneventos1;"santiago centro";socio;19315520-0;;;;director;"maria perez;elena vidal;antonella tapia;elena lagos;juan gonzalez;lucas perez;pedro mendez;juan tapia;ana mendez;camila gonzalez;elena gonzalez;lucas contreras;pedro contreras;diego perez;diego vidal;diego rojas;elena lagos;ana vidal;diego mendez;juan mendez;sofia silva;camila tapia;luis silva;sofia iturra;elena rojas;ana gonzalez;sofia lagos;lucas rojas;lucas silva;luis iturra;diego perez;pablo contreras;ana vidal;sofia gonzalez;pedro mendez;ana perez;antonella silva;elena tapia;elena iturra;maria lagos;luis lagos;maria gonzalez;luis perez;luis silva;ana gonzalez";26300000;13150000;13150000
277;"taller de fotografia";2026-01-14;2026-02-16;saloneventos1;providencia;socio;20099638-0;;;;instructor;"pablo lagos;elena gonzalez;luis lagos;camila lagos;luis lagos;luis lagos;pablo iturra;diego tapia;elena perez;diego mendez;sofia tapia;pedro gonzalez;maria perez;ana contreras;luis rojas;camila mendez;pedro mendez;ana rojas;lucas tapia;sofia contreras;elena mendez;elena lagos;ana silva;maria mendez;luis rojas;diego contreras;diego gonzalez;antonella lagos;pedro lagos;ana iturra;pablo vidal;diego vidal;pablo vidal;pedro vidal;sofia perez;pablo mendez;sofia mendez;ana contreras;lucas tapia;luis lagos;luis perez;pedro contreras;elena lagos;elena gonzalez;luis vidal";14500000;7250000;7250000
281;"aniversario de bodas";2025-11-06;2026-02-15;saloneventos4;providencia;socio;9526810-1;;;;socio;"diego mendez;diego lagos;antonella perez;camila tapia;camila mendez;maria vidal;ana vidal;ana tapia;ana contreras;juan contreras;antonella lagos;maria silva;elena gonzalez;pedro vidal;lucas mendez;pedro tapia;elena rojas;lucas contreras;lucas tapia;luis silva;elena iturra;elena contreras;juan tapia;juan lagos;ana gonzalez;ana rojas;sofia contreras;elena iturra;pablo gonzalez;pedro lagos;pedro contreras;diego perez;pedro contreras;elena tapia;juan lagos;sofia perez;juan vidal;pablo iturra;elena gonzalez;pedro lagos;diego tapia;ana perez;antonella iturra;sofia lagos;maria contreras";15400000;7700000;7700000
286;"cocktail de despedida";2025-08-21;2026-02-09;saloneventos1;"la florida";socio;15664249-2;;;;productora;"ana iturra;lucas gonzalez;ana tapia;diego iturra;elena vidal;juan vidal;pablo contreras;sofia vidal;sofia silva;sofia contreras;ana contreras;diego mendez;juan perez;antonella vidal;pablo perez;ana mendez;pedro silva;elena perez;ana tapia;antonella iturra;luis tapia;camila gonzalez;diego silva;elena rojas;juan tapia;pedro tapia;maria contreras;lucas mendez;diego contreras;pedro vidal;lucas tapia;camila perez;luis gonzalez;juan rojas;ana iturra;sofia silva;lucas mendez;pablo iturra;maria contreras;pedro perez;juan lagos;ana lagos;maria vidal;juan tapia;sofia iturra";11600000;5800000;5800000
287;"seminario de derecho";2025-10-18;2026-02-14;saloneventos1;providencia;socio;8381764-2;;;;socia;"pablo vidal;diego rojas;pedro silva;camila lagos;diego gonzalez;ana tapia;lucas lagos;juan tapia;pablo perez;luis iturra;elena gonzalez;ana tapia;ana lagos;sofia gonzalez;luis silva;elena mendez;sofia vidal;elena tapia;ana tapia;pedro lagos;maria lagos;pablo mendez;elena vidal;juan tapia;diego gonzalez;ana silva;juan vidal;pedro iturra;pedro silva;pablo gonzalez;diego vidal;camila rojas;sofia tapia;ana lagos;pedro lagos;luis vidal;ana mendez;juan rojas;juan mendez;sofia lagos;sofia perez;maria vidal;luis mendez;ana contreras;camila rojas";25400000;12700000;12700000
291;"presentacion de danza";2026-02-01;2026-02-23;saloneventos1;"la florida";socio;11414231-k;;;;director;"maria mendez;elena contreras;diego lagos;juan iturra;diego contreras;pablo mendez;diego vidal;camila contreras;luis lagos;pedro silva;sofia contreras;pablo contreras;antonella tapia;ana contreras;elena rojas;diego gonzalez;luis mendez;juan perez;ana tapia;elena silva;diego mendez;luis tapia;pedro perez;sofia vidal;pedro vidal;elena contreras;pablo iturra;luis lagos;diego contreras;pablo contreras;sofia lagos;luis tapia;pedro iturra;ana lagos;pedro vidal;lucas silva;lucas gonzalez;maria lagos;juan silva;pedro perez;juan rojas;luis gonzalez;pedro mendez;camila perez;juan rojas";14600000;7300000;7300000
293;"taller de pintura aleo";2025-08-16;2026-02-12;saloneventos4;providencia;socio;15149594-7;;;;profesor;"elena silva;antonella gonzalez;diego vidal;ana gonzalez;elena perez;sofia lagos;sofia gonzalez;camila vidal;maria lagos;juan silva;lucas lagos;diego lagos;ana silva;camila perez;pablo iturra;juan silva;elena lagos;diego gonzalez;pablo perez;diego iturra;ana rojas;camila mendez;diego perez;pablo rojas;juan gonzalez;maria lagos;diego vidal;camila rojas;ana contreras;pedro lagos;luis tapia;sofia lagos;elena vidal;pablo gonzalez;juan contreras;sofia rojas;lucas tapia;pablo lagos;pedro mendez;pedro silva;elena gonzalez;juan rojas;ana vidal;maria rojas;pedro tapia";7600000;3800000;3800000
299;"gala de otono";2025-09-04;2026-02-20;saloneventos3;providencia;socio;23808824-7;;;;director;"pedro tapia;pedro silva;antonella silva;diego perez;ana vidal;camila iturra;juan mendez;camila mendez;ana rojas;ana iturra;luis contreras;luis tapia;maria gonzalez;juan iturra;camila perez;lucas tapia;diego lagos;juan contreras;diego perez;luis perez;ana tapia;elena contreras;elena lagos;ana mendez;pedro perez;lucas mendez;pablo rojas;antonella mendez;sofia vidal;antonella lagos;maria lagos;elena contreras;pedro rojas;camila silva;pablo silva;pedro perez;elena lagos;camila vidal;camila silva;sofia lagos;pedro rojas;maria lagos;camila perez;diego gonzalez;luis rojas";27400000;13700000;13700000
300;"firma de convenio";2025-09-14;2026-02-26;saloneventos2;providencia;socio;19423046-k;;;;abogado;"sofia mendez;juan mendez;luis vidal;camila silva;camila mendez;camila perez;lucas iturra;pablo tapia;elena iturra;luis rojas;elena gonzalez;pedro iturra;lucas mendez;lucas silva;diego rojas;maria perez;diego mendez;ana tapia;camila perez;ana lagos;luis tapia;ana gonzalez;sofia rojas;lucas contreras;luis mendez;antonella gonzalez;ana tapia;pablo iturra;diego gonzalez;diego perez;lucas tapia;maria contreras;antonella contreras;maria vidal;lucas iturra;elena vidal;lucas contreras;camila perez;luis contreras;elena vidal;juan gonzalez;ana contreras;juan lagos;diego contreras;luis perez";10300000;5150000;5150000
302;"cena de navidad";2026-01-31;2026-02-19;saloneventos2;"santa cruz";socio;9664319-3;;;;organizadora;"antonella gonzalez;sofia vidal;pablo iturra;luis contreras;camila perez;juan gonzalez;camila vidal;sofia silva;diego tapia;camila lagos;ana vidal;ana silva;lucas gonzalez;maria mendez;ana tapia;pablo perez;lucas gonzalez;luis tapia;luis iturra;ana perez;elena gonzalez;juan silva;juan lagos;lucas mendez;luis lagos;maria perez;ana iturra;juan perez;juan tapia;antonella rojas;diego perez;juan gonzalez;antonella contreras;lucas vidal;lucas tapia;pedro perez;pedro rojas;pedro lagos;pablo silva;camila lagos;sofia gonzalez;camila iturra;diego rojas;pablo lagos;elena mendez";21200000;10600000;10600000
303;"taller de cocina italiana";2025-10-09;2026-02-11;saloneventos2;providencia;socio;12623444-9;;;;instructor;"pedro lagos;luis gonzalez;pablo tapia;ana vidal;camila mendez;maria contreras;lucas tapia;maria lagos;luis tapia;pedro silva;maria gonzalez;lucas perez;antonella tapia;lucas perez;pablo mendez;juan mendez;antonella gonzalez;juan lagos;diego tapia;lucas perez;ana lagos;antonella rojas;camila mendez;antonella rojas;diego vidal;lucas iturra;sofia lagos;diego gonzalez;luis lagos;diego perez;lucas lagos;pablo silva;pablo mendez;maria gonzalez;luis vidal;diego lagos;diego gonzalez;juan iturra;elena lagos;maria iturra;sofia lagos;diego contreras;pedro lagos;maria lagos;lucas gonzalez";7800000;3900000;3900000
305;"lanzamiento musical";2026-02-02;2026-02-18;saloneventos3;"santiago centro";socio;15759772-8;;;;productora;"ana mendez;sofia vidal;juan contreras;elena perez;diego vidal;ana rojas;sofia mendez;camila contreras;sofia vidal;elena rojas;pedro mendez;ana vidal;camila lagos;antonella tapia;camila mendez;sofia contreras;pablo vidal;diego rojas;juan contreras;maria vidal;sofia gonzalez;pedro gonzalez;luis lagos;juan gonzalez;antonella vidal;sofia lagos;elena tapia;maria rojas;sofia mendez;lucas vidal;sofia mendez;sofia rojas;diego mendez;ana rojas;antonella mendez;juan gonzalez;elena mendez;sofia silva;sofia mendez;diego perez;diego rojas;juan gonzalez;diego lagos;maria mendez;camila iturra";12400000;6200000;6200000
315;"fiesta de verano";2025-11-27;2026-02-13;saloneventos4;"la florida";socio;7400263-3;;;;productor;"antonella mendez;ana lagos;elena rojas;juan rojas;lucas iturra;pablo perez;camila vidal;lucas silva;maria mendez;luis contreras;diego gonzalez;elena lagos;elena tapia;luis mendez;ana perez;ana vidal;ana iturra;juan tapia;luis mendez;camila tapia;luis vidal;juan vidal;antonella mendez;sofia tapia;pablo perez;antonella perez;antonella iturra;camila rojas;luis mendez;camila tapia;diego contreras;antonella silva;luis vidal;juan gonzalez;pedro gonzalez;luis lagos;lucas iturra;pedro tapia;elena vidal;pablo perez;antonella rojas;elena lagos;pablo contreras;maria rojas;pedro tapia";24500000;12250000;12250000
334;"seminario de coaching";2025-11-11;2026-02-07;saloneventos2;providencia;socio;7156539-4;;;;coach;"pedro iturra;elena perez;camila lagos;luis mendez;antonella perez;sofia lagos;pablo perez;luis lagos;sofia mendez;antonella perez;luis mendez;antonella iturra;antonella contreras;maria tapia;sofia vidal;ana lagos;elena mendez;pedro gonzalez;ana mendez;sofia mendez;elena silva;diego silva;ana gonzalez;pedro silva;camila iturra;lucas lagos;pablo tapia;juan silva;elena lagos;juan contreras;antonella lagos;antonella contreras;ana rojas;juan iturra;lucas contreras;antonella lagos;pedro vidal;maria mendez;juan contreras;diego iturra;luis iturra;juan vidal;luis mendez;elena perez;ana contreras";11200000;5600000;5600000
336;"encuentro sectorial";2025-11-18;2026-02-01;saloneventos2;"la florida";socio;5417797-6;;;;secretario;"ana iturra;sofia vidal;pedro vidal;sofia iturra;antonella contreras;camila silva;pablo mendez;camila perez;sofia perez;elena silva;lucas mendez;pablo lagos;diego silva;juan contreras;lucas rojas;pablo gonzalez;antonella contreras;pablo iturra;camila mendez;juan contreras;elena iturra;pablo lagos;pedro mendez;juan iturra;maria tapia;pablo rojas;camila mendez;camila vidal;camila rojas;pablo tapia;pablo silva;pedro vidal;sofia iturra;pablo silva;maria perez;juan iturra;luis silva;sofia contreras;pedro gonzalez;juan contreras;ana silva;juan rojas;luis lagos;luis rojas;sofia silva";16800000;8400000;8400000
350;"lanzamiento de libro";2025-12-31;2026-02-28;saloneventos4;"santiago centro";socio;24432729-k;;;;editora;"diego tapia;pedro vidal;ana contreras;pedro contreras;elena tapia;sofia contreras;juan vidal;maria lagos;maria lagos;maria rojas;elena perez;elena contreras;camila vidal;elena silva;antonella lagos;sofia perez;luis iturra;ana mendez;pedro iturra;juan vidal;pedro vidal;antonella contreras;sofia rojas;antonella mendez;luis gonzalez;lucas gonzalez;elena contreras;luis iturra;pablo silva;luis lagos;antonella vidal;pablo contreras;luis tapia;camila mendez;maria perez;luis silva;pablo gonzalez;pablo perez;elena rojas;antonella gonzalez;ana contreras;camila rojas;luis iturra;juan contreras;juan rojas";6900000;3450000;3450000
354;"recital de piano";2025-08-22;2026-02-12;saloneventos4;providencia;socio;12204047-k;;;;director;"ana perez;sofia silva;diego contreras;luis vidal;juan silva;pedro lagos;juan silva;sofia lagos;juan lagos;pedro perez;pedro iturra;diego mendez;camila rojas;pablo lagos;ana tapia;camila contreras;elena vidal;pablo perez;ana rojas;antonella lagos;luis lagos;maria perez;antonella mendez;elena gonzalez;camila lagos;maria vidal;lucas mendez;pablo rojas;sofia tapia;juan rojas;camila tapia;lucas iturra;ana silva;luis tapia;pedro mendez;elena tapia;sofia tapia;camila gonzalez;camila rojas;antonella lagos;luis silva;maria iturra;lucas tapia;juan lagos;camila lagos";14800000;7400000;7400000
368;"seminario de marketing";2025-11-21;2026-02-15;saloneventos4;providencia;socio;18478099-2;;;;socio;"pablo perez;pablo iturra;juan silva;luis silva;lucas perez;pedro rojas;ana lagos;antonella silva;maria gonzalez;pedro gonzalez;pedro iturra;juan perez;juan perez;luis gonzalez;maria lagos;sofia vidal;antonella rojas;pedro iturra;pablo vidal;juan rojas;pablo perez;lucas tapia;antonella silva;ana lagos;diego gonzalez;juan perez;elena tapia;lucas perez;antonella rojas;antonella mendez;maria gonzalez;juan contreras;maria mendez;elena mendez;maria silva;diego contreras;diego mendez;elena mendez;luis vidal;camila perez;diego mendez;antonella tapia;camila vidal;camila perez;diego mendez";18900000;9450000;9450000
376;"matrimonio civil";2025-08-15;2026-02-12;saloneventos1;"santiago centro";socio;23137635-6;;;;"jefe proyectos";"juan contreras;ana perez;antonella iturra;diego perez;luis mendez;pablo gonzalez;ana iturra;pedro mendez;maria vidal;juan mendez;sofia mendez;sofia iturra;pedro gonzalez;pedro silva;ana contreras;antonella vidal;diego perez;lucas rojas;pablo iturra;elena vidal;lucas rojas;juan iturra;camila perez;elena iturra;lucas silva;maria tapia;pablo contreras;luis lagos;ana mendez;sofia gonzalez;juan silva;luis vidal;ana rojas;sofia perez;camila rojas;diego lagos;camila tapia;diego tapia;juan tapia;pablo tapia;pedro contreras;pedro rojas;camila tapia;luis tapia;pedro iturra";22000000;11000000;11000000
379;"cena de gala";2025-09-21;2026-02-03;saloneventos3;"santa cruz";socio;15117518-k;;;;"gerente rrhh";"luis gonzalez;ana silva;luis mendez;luis perez;pablo tapia;camila rojas;antonella lagos;maria tapia;pablo vidal;ana perez;diego iturra;pedro contreras;maria mendez;maria contreras;camila silva;elena lagos;elena gonzalez;lucas iturra;juan lagos;pablo tapia;camila tapia;juan iturra;lucas silva;pablo rojas;antonella rojas;antonella tapia;lucas lagos;camila perez;maria rojas;maria silva;pedro contreras;camila iturra;juan iturra;camila vidal;maria contreras;diego iturra;diego contreras;juan silva;juan silva;camila rojas;lucas perez;antonella contreras;sofia iturra;luis vidal;juan gonzalez";18600000;9300000;9300000
390;"entrega de premios";2025-11-15;2026-02-05;saloneventos4;"santiago centro";socio;17014415-2;;;;cuentas;"luis contreras;elena contreras;juan tapia;lucas lagos;maria gonzalez;sofia tapia;lucas lagos;juan iturra;lucas tapia;diego mendez;juan iturra;maria perez;juan gonzalez;antonella iturra;diego iturra;pablo contreras;maria rojas;juan tapia;elena silva;ana vidal;luis iturra;ana tapia;sofia silva;luis iturra;sofia iturra;maria silva;juan iturra;pablo mendez;camila tapia;lucas vidal;luis rojas;camila iturra;juan tapia;pablo perez;luis tapia;juan vidal;lucas perez;maria rojas;lucas gonzalez;maria rojas;antonella mendez;luis lagos;pedro contreras;luis mendez;elena tapia";16200000;8100000;8100000
394;"inauguracion sucursal";2025-08-27;2026-02-14;saloneventos4;"la florida";socio;21256378-1;;;;"gerente operaciones";"camila mendez;sofia vidal;luis silva;maria silva;juan lagos;maria contreras;antonella gonzalez;camila tapia;luis iturra;diego vidal;sofia gonzalez;pablo gonzalez;juan mendez;lucas contreras;antonella perez;pablo contreras;ana vidal;maria perez;maria tapia;lucas rojas;pedro silva;camila tapia;antonella rojas;lucas silva;diego silva;juan gonzalez;antonella gonzalez;maria perez;pablo iturra;sofia perez;elena iturra;lucas iturra;pedro vidal;maria lagos;luis contreras;sofia vidal;maria lagos;antonella contreras;juan mendez;juan gonzalez;antonella vidal;luis tapia;antonella rojas;elena tapia;diego tapia";25700000;12850000;12850000
403;"seminario de derecho";2025-10-11;2026-02-24;saloneventos3;"la florida";socio;24666274-7;;;;socio;"camila tapia;luis rojas;camila contreras;elena perez;antonella lagos;luis gonzalez;antonella perez;camila rojas;luis perez;elena vidal;maria vidal;ana contreras;pablo gonzalez;sofia lagos;juan rojas;elena mendez;pablo contreras;elena vidal;pedro perez;lucas iturra;luis tapia;ana gonzalez;pedro perez;sofia perez;luis mendez;maria iturra;ana perez;antonella contreras;pablo lagos;ana lagos;maria contreras;juan mendez;antonella iturra;juan contreras;juan tapia;maria vidal;sofia rojas;sofia gonzalez;juan lagos;ana gonzalez;maria perez;luis silva;sofia contreras;lucas mendez;elena gonzalez";21200000;10600000;10600000
404;"feria gastronomica";2025-12-18;2026-02-24;saloneventos2;"santa cruz";socio;12524749-0;;;;organizador;"juan iturra;diego perez;pablo tapia;elena lagos;camila rojas;diego vidal;sofia silva;elena gonzalez;pedro mendez;lucas vidal;camila gonzalez;sofia iturra;juan vidal;ana mendez;juan lagos;pablo iturra;juan rojas;sofia perez;antonella perez;elena silva;antonella vidal;diego rojas;sofia perez;sofia tapia;antonella lagos;diego perez;pablo silva;elena silva;sofia mendez;lucas iturra;juan gonzalez;antonella gonzalez;lucas vidal;camila mendez;luis lagos;lucas iturra;antonella silva;ana vidal;ana mendez;camila silva;antonella perez;camila gonzalez;pablo rojas;elena rojas;diego mendez";27300000;13650000;13650000
406;"recital de piano";2025-12-13;2026-02-11;saloneventos1;"santa cruz";socio;22202271-6;;;;director;"ana iturra;luis perez;luis gonzalez;pablo mendez;antonella gonzalez;diego rojas;antonella tapia;ana silva;luis rojas;lucas vidal;antonella mendez;camila iturra;pablo tapia;pablo mendez;pablo contreras;luis iturra;sofia gonzalez;pablo tapia;antonella tapia;diego silva;luis silva;maria mendez;elena lagos;lucas tapia;pedro silva;camila gonzalez;antonella perez;juan perez;lucas lagos;camila iturra;pedro iturra;sofia tapia;maria silva;antonella rojas;lucas silva;maria lagos;antonella mendez;pedro lagos;elena iturra;camila tapia;maria tapia;lucas silva;diego contreras;diego mendez;lucas iturra";14500000;7250000;7250000
407;"venta de garage corporativa";2025-08-28;2026-02-08;saloneventos4;providencia;socio;19631022-3;;;;coordinador;"luis lagos;camila tapia;elena gonzalez;diego silva;lucas silva;diego silva;antonella perez;luis tapia;camila rojas;antonella vidal;lucas tapia;ana iturra;pablo mendez;camila mendez;lucas silva;diego gonzalez;ana rojas;pablo gonzalez;sofia gonzalez;antonella perez;pedro iturra;lucas perez;ana mendez;lucas rojas;juan perez;pablo tapia;maria iturra;luis rojas;juan perez;juan contreras;antonella contreras;juan perez;sofia perez;lucas silva;elena mendez;elena contreras;camila lagos;ana rojas;pablo gonzalez;juan perez;diego mendez;elena perez;lucas lagos;maria vidal;juan contreras";5600000;2800000;2800000
409;"cocktail de despedida";2025-11-23;2026-02-20;saloneventos4;"santa cruz";socio;8798093-3;;;;sommelier;"maria mendez;lucas vidal;sofia mendez;elena vidal;diego lagos;diego perez;elena silva;juan contreras;sofia contreras;pablo contreras;pedro mendez;pablo contreras;pedro gonzalez;lucas gonzalez;camila gonzalez;pedro perez;elena tapia;elena mendez;pedro rojas;ana perez;luis perez;camila iturra;maria mendez;luis rojas;juan gonzalez;juan perez;maria perez;diego contreras;antonella rojas;luis tapia;ana rojas;lucas gonzalez;lucas gonzalez;pedro gonzalez;lucas silva;lucas tapia;lucas lagos;sofia iturra;luis tapia;juan iturra;pablo tapia;sofia tapia;camila perez;antonella contreras;luis gonzalez";12900000;6450000;6450000
411;"bingo solidario";2025-12-08;2026-02-15;saloneventos1;"santa cruz";socio;6053421-7;;;;tesorero;"juan lagos;antonella mendez;lucas mendez;luis perez;elena vidal;ana tapia;pedro iturra;maria tapia;juan silva;elena vidal;elena iturra;elena perez;pedro silva;pedro mendez;ana iturra;pablo gonzalez;antonella gonzalez;antonella mendez;juan gonzalez;elena lagos;antonella perez;juan vidal;luis perez;camila tapia;ana mendez;antonella silva;camila rojas;antonella mendez;juan gonzalez;ana lagos;sofia contreras;pablo lagos;maria vidal;pedro perez;luis perez;elena vidal;elena vidal;juan vidal;maria iturra;pablo perez;lucas iturra;diego gonzalez;maria mendez;juan silva;pablo iturra";6200000;3100000;3100000
417;hackathon;2025-09-28;2026-02-09;saloneventos3;"la florida";socio;20264888-4;;;;"lead dev";"camila lagos;elena tapia;juan rojas;elena iturra;maria lagos;luis rojas;luis lagos;ana tapia;antonella silva;juan silva;luis contreras;diego gonzalez;pablo rojas;pablo tapia;juan mendez;antonella contreras;luis lagos;pedro perez;juan tapia;pablo perez;maria silva;maria contreras;pedro iturra;antonella gonzalez;camila tapia;diego rojas;maria contreras;camila tapia;maria vidal;luis tapia;luis gonzalez;sofia rojas;elena mendez;sofia lagos;pedro perez;antonella vidal;juan gonzalez;sofia iturra;camila tapia;juan mendez;camila perez;antonella perez;camila silva;elena lagos;antonella gonzalez";19100000;9550000;9550000
423;"asamblea de socios";2025-11-07;2026-02-06;saloneventos1;providencia;socio;11953649-9;;;;presidente;"luis lagos;ana gonzalez;juan iturra;sofia perez;pedro tapia;lucas vidal;elena tapia;camila iturra;maria lagos;luis vidal;antonella silva;juan silva;pedro contreras;camila tapia;luis vidal;pedro contreras;pedro gonzalez;sofia silva;camila contreras;juan contreras;maria iturra;pedro perez;antonella contreras;maria gonzalez;elena gonzalez;antonella gonzalez;lucas contreras;luis gonzalez;maria contreras;camila gonzalez;lucas perez;sofia perez;maria silva;camila contreras;antonella lagos;diego iturra;ana perez;elena iturra;pedro silva;elena mendez;sofia iturra;luis gonzalez;maria silva;lucas lagos;sofia perez";9800000;4900000;4900000
424;"concierto rock";2025-09-23;2026-02-25;saloneventos4;providencia;socio;13549636-4;;;;director;"sofia iturra;pablo lagos;elena silva;maria rojas;elena gonzalez;maria gonzalez;elena tapia;ana contreras;lucas vidal;ana iturra;sofia mendez;maria gonzalez;juan iturra;sofia mendez;antonella rojas;ana silva;lucas contreras;luis silva;sofia tapia;elena silva;pablo perez;pedro rojas;pablo gonzalez;luis silva;antonella gonzalez;lucas perez;luis gonzalez;antonella lagos;elena lagos;sofia rojas;ana silva;ana mendez;camila tapia;antonella contreras;juan iturra;diego lagos;luis contreras;lucas gonzalez;maria contreras;elena silva;pedro mendez;sofia rojas;luis rojas;lucas silva;lucas tapia";29800000;14900000;14900000
426;"presentacion de libro";2025-11-22;2026-02-08;saloneventos4;providencia;socio;19481249-3;;;;editor;"sofia gonzalez;lucas rojas;pablo tapia;diego silva;pablo tapia;pablo rojas;antonella gonzalez;pedro gonzalez;maria mendez;sofia vidal;lucas perez;sofia mendez;pedro vidal;lucas iturra;ana lagos;pablo rojas;diego tapia;pedro silva;antonella iturra;juan rojas;maria gonzalez;luis lagos;sofia iturra;pablo vidal;maria vidal;juan gonzalez;pablo rojas;juan tapia;luis gonzalez;luis perez;lucas mendez;pablo perez;elena rojas;sofia contreras;antonella gonzalez;luis iturra;antonella silva;pedro contreras;pedro perez;pablo silva;pedro mendez;diego perez;lucas contreras;lucas gonzalez;maria lagos";6900000;3450000;3450000
437;"fiesta de premiacion";2025-08-20;2026-02-18;saloneventos4;"santa cruz";socio;12728713-9;;;;productora;"sofia tapia;diego lagos;maria mendez;elena lagos;ana perez;maria silva;juan gonzalez;pedro contreras;juan rojas;antonella rojas;camila silva;juan contreras;ana tapia;luis rojas;elena rojas;diego vidal;maria perez;ana lagos;pablo silva;sofia contreras;antonella perez;luis perez;camila tapia;maria contreras;antonella perez;luis contreras;camila tapia;elena mendez;juan perez;ana iturra;pablo lagos;pablo lagos;pedro lagos;diego gonzalez;lucas perez;ana lagos;camila perez;pedro perez;elena contreras;camila perez;luis iturra;pedro vidal;sofia lagos;diego lagos;juan tapia";27200000;13600000;13600000
444;"fiesta de bienvenida";2025-09-30;2026-02-23;saloneventos2;providencia;socio;8994907-0;;;;manager;"ana contreras;pablo mendez;pablo silva;lucas gonzalez;elena contreras;diego silva;diego mendez;pablo mendez;pedro mendez;diego vidal;luis rojas;diego contreras;luis rojas;pedro lagos;antonella iturra;elena lagos;camila lagos;diego iturra;sofia contreras;pedro mendez;ana gonzalez;pablo silva;pablo lagos;sofia vidal;elena contreras;sofia iturra;elena lagos;sofia vidal;elena silva;luis iturra;elena mendez;pablo tapia;maria contreras;camila vidal;luis contreras;lucas vidal;juan tapia;sofia lagos;antonella vidal;camila rojas;maria contreras;sofia lagos;pedro contreras;luis gonzalez;ana gonzalez";25800000;12900000;12900000
449;"foro de innovacion";2025-11-05;2026-02-15;saloneventos2;"santiago centro";socio;7418925-3;;;;analista;"juan vidal;pedro mendez;ana mendez;ana rojas;lucas tapia;camila perez;pablo mendez;ana rojas;pablo lagos;maria gonzalez;pablo contreras;pedro lagos;antonella rojas;pedro rojas;pedro iturra;pablo vidal;elena gonzalez;maria vidal;luis perez;pablo silva;ana lagos;ana tapia;lucas perez;antonella rojas;luis perez;maria iturra;luis silva;luis iturra;lucas gonzalez;maria contreras;elena vidal;pedro mendez;elena iturra;pedro gonzalez;pedro lagos;elena iturra;pedro vidal;pablo iturra;diego silva;ana contreras;lucas contreras;maria iturra;elena perez;pablo perez;antonella rojas";26500000;13250000;13250000
451;"charla de motivacion";2026-01-27;2026-02-17;saloneventos1;"santiago centro";socio;10476735-4;;;;speaker;"camila silva;sofia iturra;elena iturra;maria mendez;pablo contreras;pedro gonzalez;sofia rojas;luis tapia;pablo tapia;ana lagos;sofia rojas;antonella silva;diego mendez;luis tapia;antonella silva;camila iturra;antonella silva;lucas perez;elena gonzalez;camila mendez;antonella gonzalez;sofia mendez;camila rojas;maria iturra;luis rojas;pedro mendez;pedro tapia;camila silva;maria mendez;pedro mendez;luis vidal;camila contreras;ana lagos;luis iturra;antonella perez;pedro contreras;sofia silva;antonella lagos;diego mendez;ana tapia;juan rojas;pedro perez;diego silva;diego contreras;diego iturra";10400000;5200000;5200000
452;"exposicion fotografica";2025-11-28;2026-02-02;saloneventos1;"santiago centro";socio;10280368-k;;;;curador;"juan vidal;pablo mendez;pedro tapia;luis iturra;elena lagos;sofia rojas;ana vidal;ana silva;pablo rojas;elena silva;luis silva;pedro lagos;lucas gonzalez;maria mendez;diego tapia;camila tapia;camila rojas;luis iturra;sofia gonzalez;maria rojas;lucas gonzalez;sofia rojas;juan mendez;juan contreras;juan contreras;elena tapia;pedro mendez;luis lagos;luis vidal;luis contreras;ana vidal;pedro gonzalez;sofia iturra;pedro tapia;pablo rojas;maria perez;sofia gonzalez;juan rojas;ana lagos;pedro tapia;sofia perez;pedro lagos;antonella vidal;lucas lagos;ana contreras";17500000;8750000;8750000
454;"mesa redonda";2025-11-22;2026-02-04;saloneventos3;providencia;socio;16804137-0;;;;moderadora;"antonella silva;juan iturra;maria mendez;juan silva;maria iturra;pedro perez;elena contreras;antonella gonzalez;camila perez;elena contreras;antonella silva;luis rojas;pablo perez;luis mendez;juan iturra;elena perez;maria contreras;maria perez;antonella contreras;sofia contreras;pedro vidal;camila lagos;pedro mendez;pablo mendez;maria silva;elena iturra;maria tapia;elena iturra;diego gonzalez;lucas tapia;juan lagos;antonella tapia;camila rojas;lucas vidal;pedro silva;ana lagos;ana perez;juan mendez;pedro silva;antonella mendez;maria vidal;ana perez;sofia mendez;pedro silva;sofia lagos";11900000;5950000;5950000
456;"lanzamiento de marca";2025-09-22;2026-02-13;saloneventos4;"la florida";socio;13905640-3;;;;ceo;"pablo perez;camila rojas;pablo silva;maria contreras;maria iturra;pedro vidal;ana perez;camila contreras;sofia mendez;pedro perez;maria gonzalez;juan lagos;lucas iturra;elena contreras;maria rojas;diego silva;pedro silva;sofia perez;antonella lagos;juan silva;sofia gonzalez;maria iturra;luis contreras;luis vidal;juan silva;diego rojas;antonella rojas;pablo contreras;ana rojas;maria rojas;lucas rojas;ana gonzalez;elena silva;elena tapia;pablo mendez;juan vidal;elena perez;elena gonzalez;sofia iturra;maria iturra;maria rojas;maria rojas;juan tapia;camila lagos;diego iturra";24700000;12350000;12350000
457;"seminario de ventas";2025-12-30;2026-02-15;saloneventos4;providencia;socio;10942709-8;;;;"jefe ventas";"juan silva;lucas tapia;antonella vidal;antonella perez;camila vidal;ana tapia;antonella silva;elena tapia;luis gonzalez;diego mendez;diego contreras;sofia silva;pedro rojas;antonella vidal;diego perez;lucas silva;camila mendez;camila vidal;pablo rojas;camila rojas;antonella silva;camila contreras;diego lagos;elena tapia;lucas lagos;sofia vidal;ana perez;camila tapia;maria vidal;ana iturra;juan vidal;pedro mendez;luis iturra;maria rojas;camila perez;camila tapia;juan vidal;elena silva;pablo tapia;maria mendez;maria perez;elena vidal;lucas gonzalez;sofia contreras;pablo contreras";15200000;7600000;7600000
458;"matrimonio boutique";2025-09-16;2026-02-12;saloneventos1;"la florida";socio;14103927-1;;;;organizador;"juan rojas;maria vidal;luis vidal;elena tapia;elena iturra;pedro vidal;pablo iturra;camila mendez;elena contreras;juan tapia;elena contreras;camila perez;sofia rojas;lucas vidal;maria silva;pablo mendez;luis perez;sofia rojas;sofia lagos;sofia rojas;camila gonzalez;pedro vidal;pedro silva;ana perez;camila contreras;pedro silva;pedro silva;lucas iturra;maria mendez;ana contreras;ana mendez;elena mendez;sofia perez;pablo tapia;ana gonzalez;elena lagos;lucas iturra;pedro rojas;camila mendez;juan mendez;pedro mendez;ana mendez;elena gonzalez;camila contreras;antonella mendez";21800000;10900000;10900000
461;"concierto de camara";2025-09-27;2026-02-03;saloneventos3;"santiago centro";socio;23869043-9;;;;director;"juan mendez;camila gonzalez;juan gonzalez;maria silva;pedro iturra;antonella rojas;luis vidal;lucas silva;elena lagos;maria tapia;camila vidal;elena vidal;maria rojas;camila lagos;luis contreras;elena vidal;lucas lagos;lucas lagos;camila iturra;sofia tapia;diego rojas;juan perez;pablo mendez;pablo silva;ana tapia;juan contreras;pedro silva;pablo tapia;pablo silva;elena rojas;maria vidal;juan rojas;maria silva;maria gonzalez;camila silva;juan tapia;camila lagos;elena tapia;pablo silva;pedro perez;pedro tapia;diego contreras;sofia lagos;pablo gonzalez;luis lagos";26300000;13150000;13150000
463;"taller de fotografia";2025-09-27;2026-02-26;saloneventos2;providencia;socio;14669673-2;;;;instructor;"antonella lagos;diego mendez;diego lagos;sofia vidal;pedro silva;antonella rojas;sofia silva;pablo rojas;ana perez;pablo iturra;pablo rojas;maria lagos;camila iturra;antonella perez;pablo contreras;lucas gonzalez;diego iturra;maria iturra;ana vidal;juan gonzalez;sofia iturra;pedro iturra;lucas tapia;luis contreras;lucas silva;antonella rojas;luis iturra;antonella perez;lucas lagos;sofia vidal;maria mendez;pedro rojas;camila rojas;antonella silva;antonella iturra;camila gonzalez;sofia contreras;luis gonzalez;juan vidal;lucas vidal;maria gonzalez;maria vidal;luis gonzalez;elena lagos;ana gonzalez";14500000;7250000;7250000
467;"aniversario de bodas";2025-09-05;2026-02-22;saloneventos4;providencia;socio;23270681-3;;;;socio;"antonella contreras;lucas tapia;pablo mendez;ana perez;ana lagos;camila vidal;luis contreras;antonella iturra;lucas tapia;ana silva;antonella gonzalez;luis lagos;maria mendez;pedro perez;maria lagos;antonella gonzalez;camila lagos;juan gonzalez;ana contreras;pedro vidal;pedro iturra;camila lagos;maria mendez;elena gonzalez;luis vidal;antonella perez;diego tapia;sofia iturra;diego perez;juan rojas;maria iturra;luis gonzalez;pablo perez;ana mendez;maria tapia;sofia lagos;sofia silva;maria vidal;diego silva;juan lagos;elena lagos;antonella rojas;elena gonzalez;maria tapia;diego iturra";15400000;7700000;7700000
472;"cocktail de despedida";2025-09-17;2026-02-24;saloneventos1;"la florida";socio;8202819-4;;;;productora;"maria tapia;maria vidal;diego gonzalez;antonella iturra;camila vidal;luis lagos;sofia mendez;diego mendez;pablo contreras;luis vidal;juan lagos;diego mendez;antonella vidal;sofia gonzalez;juan gonzalez;diego lagos;sofia vidal;luis vidal;pedro lagos;camila contreras;pedro vidal;sofia mendez;camila rojas;maria tapia;ana rojas;maria tapia;juan contreras;luis lagos;sofia lagos;sofia vidal;diego iturra;sofia lagos;pedro gonzalez;antonella perez;elena contreras;luis lagos;luis iturra;antonella mendez;lucas mendez;luis iturra;maria rojas;diego contreras;luis perez;juan vidal;elena perez";11600000;5800000;5800000
473;"seminario de derecho";2025-11-15;2026-02-13;saloneventos4;providencia;socio;24012798-2;;;;socia;"maria contreras;camila tapia;pedro silva;sofia silva;pedro lagos;juan mendez;elena silva;diego vidal;pablo mendez;pedro perez;diego contreras;pedro iturra;lucas vidal;elena rojas;sofia lagos;camila contreras;elena rojas;pablo contreras;pedro perez;maria silva;maria gonzalez;pablo contreras;maria iturra;antonella rojas;juan iturra;sofia mendez;antonella gonzalez;sofia lagos;lucas rojas;ana tapia;maria perez;elena lagos;diego gonzalez;diego perez;maria vidal;pedro silva;antonella rojas;pedro gonzalez;camila tapia;sofia contreras;camila silva;maria perez;lucas tapia;lucas lagos;diego contreras";25400000;12700000;12700000
477;"presentacion de danza";2026-01-31;2026-02-22;saloneventos1;"la florida";socio;17305257-6;;;;director;"diego lagos;pedro tapia;antonella perez;pablo mendez;elena silva;ana gonzalez;lucas iturra;camila silva;elena tapia;luis perez;juan lagos;elena iturra;antonella lagos;pablo vidal;juan lagos;luis tapia;diego rojas;diego vidal;ana vidal;camila perez;ana tapia;luis silva;antonella rojas;juan rojas;elena gonzalez;antonella silva;pedro tapia;sofia tapia;pablo rojas;pedro lagos;antonella rojas;pablo mendez;pedro iturra;elena contreras;diego rojas;elena gonzalez;maria mendez;luis rojas;juan mendez;sofia contreras;antonella rojas;diego contreras;sofia gonzalez;maria contreras;elena perez";14600000;7300000;7300000
479;"taller de pintura aleo";2025-08-26;2026-02-17;saloneventos3;providencia;socio;8220524-1;;;;profesor;"ana perez;elena gonzalez;antonella gonzalez;diego perez;lucas perez;pablo rojas;pedro perez;sofia mendez;ana silva;pablo rojas;camila rojas;camila perez;luis vidal;maria iturra;elena lagos;antonella perez;antonella contreras;ana iturra;sofia mendez;elena contreras;ana rojas;pablo rojas;juan lagos;pablo gonzalez;ana rojas;luis lagos;camila gonzalez;ana perez;lucas lagos;luis rojas;antonella perez;luis contreras;elena perez;diego perez;luis gonzalez;sofia lagos;antonella lagos;pablo mendez;elena contreras;luis vidal;ana iturra;pablo tapia;camila silva;antonella gonzalez;maria iturra";7600000;3800000;3800000
485;"gala de otono";2025-08-11;2026-02-05;saloneventos3;providencia;socio;18055324-k;;;;director;"lucas iturra;juan silva;luis mendez;maria perez;pablo silva;elena gonzalez;elena silva;ana rojas;ana gonzalez;ana contreras;pedro tapia;antonella contreras;ana contreras;lucas perez;juan perez;diego rojas;pedro contreras;diego silva;luis silva;diego gonzalez;juan silva;lucas iturra;sofia lagos;juan tapia;maria mendez;lucas contreras;pedro mendez;pablo vidal;sofia silva;pablo gonzalez;sofia contreras;juan rojas;pedro mendez;pedro contreras;luis tapia;pablo contreras;juan vidal;maria gonzalez;pablo lagos;elena rojas;maria perez;ana lagos;diego vidal;pedro rojas;pedro vidal";27400000;13700000;13700000
486;"firma de convenio";2025-10-18;2026-02-20;saloneventos1;providencia;socio;9373573-9;;;;abogado;"juan contreras;maria silva;ana vidal;elena mendez;maria mendez;luis tapia;luis lagos;elena vidal;juan rojas;luis rojas;luis gonzalez;antonella silva;elena tapia;pedro vidal;pablo mendez;lucas rojas;luis tapia;diego vidal;camila rojas;sofia vidal;juan vidal;ana iturra;juan silva;maria gonzalez;juan rojas;juan gonzalez;juan contreras;pablo vidal;luis silva;camila gonzalez;pedro tapia;camila perez;diego mendez;lucas perez;pablo contreras;pedro lagos;juan silva;diego gonzalez;lucas mendez;maria contreras;elena iturra;diego rojas;lucas tapia;camila perez;pedro vidal";10300000;5150000;5150000
488;"cena de navidad";2025-12-29;2026-02-14;saloneventos1;"santa cruz";socio;10336757-5;;;;organizadora;"pablo vidal;camila rojas;antonella rojas;juan iturra;ana iturra;camila tapia;luis perez;luis silva;antonella iturra;pedro contreras;diego gonzalez;lucas vidal;sofia tapia;pablo tapia;juan iturra;sofia perez;maria contreras;lucas mendez;camila contreras;camila contreras;lucas iturra;juan lagos;ana gonzalez;camila rojas;juan perez;diego iturra;diego rojas;lucas mendez;sofia gonzalez;sofia iturra;juan rojas;elena rojas;maria lagos;pablo iturra;juan contreras;antonella gonzalez;elena perez;maria gonzalez;antonella mendez;luis lagos;elena iturra;lucas rojas;antonella rojas;juan gonzalez;juan mendez";21200000;10600000;10600000
489;"taller de cocina italiana";2025-11-19;2026-02-07;saloneventos4;providencia;socio;11606281-k;;;;instructor;"juan tapia;diego rojas;pedro vidal;elena iturra;maria perez;pablo tapia;sofia rojas;ana silva;camila vidal;sofia iturra;ana tapia;diego lagos;camila contreras;luis mendez;antonella mendez;elena mendez;maria perez;sofia tapia;elena vidal;diego perez;maria tapia;camila contreras;pablo lagos;diego tapia;diego perez;antonella tapia;elena lagos;camila gonzalez;sofia iturra;sofia perez;antonella vidal;lucas rojas;camila perez;camila tapia;luis gonzalez;ana tapia;lucas mendez;sofia lagos;maria perez;camila mendez;diego rojas;pablo gonzalez;diego vidal;sofia vidal;luis perez";7800000;3900000;3900000
491;"lanzamiento musical";2025-08-24;2026-02-02;saloneventos3;"santiago centro";socio;8554458-8;;;;productora;"sofia gonzalez;ana mendez;diego gonzalez;pedro gonzalez;diego tapia;ana perez;juan vidal;pedro iturra;lucas lagos;juan mendez;ana tapia;pedro tapia;pedro silva;sofia iturra;ana mendez;diego perez;ana lagos;pablo silva;pedro lagos;elena mendez;lucas lagos;lucas rojas;elena mendez;camila lagos;diego vidal;camila contreras;ana silva;pedro tapia;pedro iturra;sofia rojas;pedro perez;antonella iturra;luis rojas;antonella gonzalez;diego tapia;elena mendez;pedro vidal;luis silva;elena tapia;pablo lagos;ana mendez;juan silva;pedro contreras;pablo gonzalez;luis perez";12400000;6200000;6200000
501;"fiesta de verano";2026-01-09;2026-02-06;saloneventos4;"la florida";socio;24692054-0;;;;productor;"maria mendez;antonella silva;ana perez;luis silva;elena iturra;elena gonzalez;camila lagos;antonella lagos;juan rojas;juan vidal;pablo iturra;camila tapia;pablo perez;pablo lagos;sofia contreras;diego iturra;pedro perez;pedro tapia;camila tapia;ana gonzalez;sofia rojas;lucas lagos;juan silva;maria mendez;luis iturra;antonella perez;antonella mendez;antonella lagos;maria tapia;elena rojas;luis silva;pablo rojas;diego perez;camila rojas;juan rojas;juan lagos;maria rojas;elena iturra;antonella iturra;luis iturra;pedro iturra;camila rojas;pablo gonzalez;ana iturra;diego perez";24500000;12250000;12250000
520;"seminario de coaching";2026-02-05;2026-02-20;saloneventos1;providencia;socio;21325038-8;;;;coach;"juan iturra;camila vidal;camila perez;diego lagos;luis contreras;diego iturra;juan tapia;sofia gonzalez;sofia tapia;pedro lagos;sofia tapia;juan silva;camila silva;juan iturra;lucas tapia;maria vidal;diego lagos;maria silva;antonella vidal;pedro perez;diego tapia;antonella silva;juan perez;pedro rojas;maria tapia;antonella tapia;camila perez;diego silva;maria contreras;antonella contreras;diego mendez;diego rojas;pedro contreras;maria silva;camila perez;antonella mendez;juan tapia;camila iturra;diego tapia;diego mendez;pedro rojas;maria perez;antonella silva;luis vidal;juan gonzalez";11200000;5600000;5600000
522;"encuentro sectorial";2025-09-05;2026-02-28;saloneventos2;"la florida";socio;19067421-4;;;;secretario;"maria tapia;antonella gonzalez;pablo contreras;sofia lagos;pedro perez;ana contreras;diego perez;juan rojas;juan tapia;maria tapia;ana tapia;juan gonzalez;pablo perez;camila vidal;pablo contreras;lucas silva;ana silva;ana mendez;pedro silva;juan lagos;diego mendez;juan perez;juan mendez;lucas perez;sofia vidal;lucas lagos;maria silva;antonella rojas;pedro mendez;diego rojas;luis lagos;sofia tapia;juan iturra;ana perez;camila rojas;sofia iturra;diego silva;maria contreras;diego silva;sofia contreras;ana perez;ana iturra;sofia lagos;elena vidal;pablo gonzalez";16800000;8400000;8400000
536;"lanzamiento de libro";2025-12-08;2026-02-01;saloneventos2;"santiago centro";socio;21038193-7;;;;editora;"luis rojas;elena silva;lucas vidal;camila tapia;ana vidal;pablo perez;pablo rojas;sofia rojas;lucas silva;ana iturra;camila rojas;elena tapia;lucas iturra;camila tapia;juan iturra;antonella gonzalez;luis gonzalez;lucas rojas;ana mendez;elena lagos;camila tapia;diego vidal;pedro iturra;maria tapia;juan tapia;camila contreras;sofia contreras;camila contreras;antonella perez;diego tapia;pablo rojas;pedro mendez;camila lagos;maria contreras;juan iturra;maria mendez;pedro rojas;antonella silva;luis lagos;camila vidal;ana mendez;pedro mendez;pedro iturra;pablo mendez;antonella iturra";6900000;3450000;3450000
540;"recital de piano";2025-11-24;2026-02-27;saloneventos3;providencia;socio;9897596-9;;;;director;"sofia contreras;antonella silva;camila contreras;maria contreras;pablo rojas;lucas perez;diego mendez;antonella perez;pedro gonzalez;pablo contreras;luis contreras;camila perez;diego contreras;ana iturra;camila contreras;sofia tapia;diego iturra;lucas gonzalez;camila vidal;maria lagos;luis lagos;diego vidal;elena contreras;elena vidal;juan rojas;ana tapia;pablo iturra;camila mendez;antonella contreras;juan rojas;camila contreras;elena iturra;pedro tapia;pablo gonzalez;maria mendez;antonella silva;ana perez;sofia contreras;lucas gonzalez;diego perez;juan lagos;elena tapia;pablo vidal;pablo contreras;juan perez";14800000;7400000;7400000
554;"seminario de marketing";2025-09-16;2026-02-09;saloneventos2;providencia;socio;23559623-8;;;;socio;"camila lagos;sofia iturra;pablo gonzalez;pedro vidal;antonella gonzalez;diego vidal;juan gonzalez;sofia iturra;antonella gonzalez;maria gonzalez;camila mendez;juan vidal;elena vidal;ana tapia;diego vidal;sofia gonzalez;elena mendez;diego vidal;ana rojas;sofia tapia;pablo silva;juan contreras;juan silva;diego vidal;antonella gonzalez;juan iturra;diego iturra;ana gonzalez;ana perez;elena mendez;pedro silva;luis tapia;juan vidal;ana tapia;ana contreras;antonella mendez;luis perez;elena iturra;elena rojas;lucas vidal;sofia perez;antonella silva;ana contreras;camila gonzalez;ana lagos";18900000;9450000;9450000
562;"matrimonio civil";2026-01-26;2026-02-28;saloneventos2;"santiago centro";socio;24480744-5;;;;"jefe proyectos";"pedro contreras;antonella iturra;elena rojas;elena rojas;juan mendez;sofia mendez;maria iturra;juan gonzalez;maria mendez;juan gonzalez;lucas perez;ana rojas;camila lagos;camila rojas;juan tapia;ana mendez;sofia lagos;elena perez;antonella tapia;luis mendez;lucas tapia;antonella rojas;diego gonzalez;juan vidal;lucas tapia;juan rojas;luis lagos;elena gonzalez;camila vidal;antonella mendez;antonella tapia;lucas contreras;juan rojas;diego lagos;lucas lagos;pablo perez;antonella tapia;luis vidal;diego mendez;ana gonzalez;maria lagos;maria contreras;camila lagos;antonella silva;elena contreras";22000000;11000000;11000000
565;"cena de gala";2025-09-12;2026-02-07;saloneventos3;"santa cruz";socio;19823939-9;;;;"gerente rrhh";"lucas silva;lucas silva;maria perez;elena iturra;ana lagos;sofia vidal;juan contreras;maria rojas;diego iturra;maria silva;lucas gonzalez;camila rojas;luis tapia;diego gonzalez;pablo lagos;diego gonzalez;elena contreras;camila silva;camila tapia;juan gonzalez;juan iturra;luis rojas;lucas tapia;ana silva;diego lagos;pablo iturra;sofia gonzalez;luis mendez;camila gonzalez;diego contreras;camila gonzalez;elena gonzalez;maria vidal;pedro perez;luis mendez;sofia tapia;pablo iturra;juan rojas;luis iturra;juan mendez;sofia tapia;ana mendez;pablo gonzalez;pablo rojas;ana lagos";18600000;9300000;9300000
576;"entrega de premios";2025-12-09;2026-02-13;saloneventos1;"santiago centro";socio;6698610-1;;;;cuentas;"pedro rojas;sofia lagos;luis mendez;camila lagos;pedro vidal;juan iturra;antonella lagos;diego tapia;maria rojas;antonella gonzalez;lucas silva;maria contreras;luis gonzalez;pablo gonzalez;maria gonzalez;sofia gonzalez;lucas lagos;juan lagos;pablo rojas;diego mendez;ana contreras;pedro silva;pablo perez;elena silva;pablo silva;elena perez;sofia perez;maria perez;antonella iturra;sofia lagos;ana tapia;diego mendez;antonella tapia;luis perez;pedro rojas;camila contreras;diego silva;luis perez;maria perez;elena tapia;diego gonzalez;sofia iturra;ana rojas;antonella gonzalez;juan mendez";16200000;8100000;8100000
601;"workshop enologico";2025-11-12;2026-02-25;saloneventos3;"santa cruz";socio;19150099-7;;;;sommelier;"pedro tapia;elena silva;ana vidal;lucas iturra;sofia gonzalez;luis contreras;diego lagos;lucas iturra;ana silva;camila tapia;pablo rojas;pablo vidal;sofia rojas;sofia rojas;pablo perez;ana rojas;elena tapia;ana mendez;juan mendez;maria vidal;juan rojas;juan vidal;luis rojas;sofia lagos;camila mendez;juan perez;camila vidal;juan vidal;diego gonzalez;pablo contreras;elena tapia;pablo lagos;pedro rojas;sofia rojas;elena vidal;camila mendez;pedro mendez;sofia silva;juan perez;antonella perez;lucas tapia;elena vidal;camila mendez;sofia gonzalez;luis rojas";12000000;6000000;6000000
605;"congreso de innovacion";2025-12-31;2026-02-21;saloneventos2;"santiago centro";socio;7911988-2;;;;gerente;"diego contreras;luis silva;maria rojas;ana contreras;luis perez;pablo lagos;juan perez;pedro tapia;sofia vidal;luis tapia;juan mendez;pedro lagos;juan mendez;pedro perez;luis contreras;pedro perez;pedro iturra;sofia vidal;lucas contreras;maria contreras;maria perez;maria gonzalez;antonella vidal;ana gonzalez;maria rojas;camila iturra;pedro tapia;elena rojas;pablo mendez;maria rojas;elena silva;lucas tapia;antonella tapia;pablo rojas;antonella gonzalez;sofia rojas;pablo lagos;camila lagos;luis gonzalez;pedro lagos;camila iturra;ana tapia;diego mendez;diego mendez;lucas gonzalez";15000000;7500000;7500000
607;"bautizo familiar";2025-11-18;2026-08-20;saloneventos2;"la florida";socio;16812745-6;;;;padre;"antonella iturra;pablo silva;pablo gonzalez;sofia contreras;lucas lagos;lucas vidal;maria rojas;luis vidal;maria iturra;juan iturra;sofia gonzalez;pedro tapia;luis iturra;sofia iturra;juan mendez;elena contreras;juan rojas;camila tapia;sofia lagos;ana mendez;luis lagos;maria contreras;antonella lagos;maria mendez;diego mendez;antonella gonzalez;sofia lagos;camila tapia;lucas silva;maria perez;diego mendez;antonella tapia;camila silva;camila lagos;maria iturra;camila lagos;ana rojas;pedro iturra;antonella silva;pablo vidal;pedro rojas;pablo mendez;camila tapia;juan lagos;camila gonzalez";5000000;2500000;
